{"stats":{"minecraft:crafted":{"minecraft:oak_planks":48,"minecraft:birch_slab":18,"minecraft:diamond_helmet":1,"minecraft:diamond_leggings":1,"minecraft:iron_boots":2,"minecraft:oak_slab":24,"minecraft:cauldron":3,"minecraft:cooked_porkchop":4,"minecraft:crafting_table":2,"minecraft:iron_helmet":3,"minecraft:baked_potato":73,"minecraft:birch_planks":16,"minecraft:iron_chestplate":2,"minecraft:diamond_pickaxe":2,"minecraft:shield":2,"minecraft:stick":40,"minecraft:iron_ingot":34,"minecraft:iron_pickaxe":1,"minecraft:oak_trapdoor":24,"minecraft:iron_axe":2,"minecraft:stone_pickaxe":1,"minecraft:diamond_boots":1,"minecraft:wheat":90,"supplementaries:item_shelf":10,"minecraft:diamond_sword":1,"minecraft:iron_trapdoor":8,"minecraft:iron_sword":1,"minecraft:bucket":3,"minecraft:stone_axe":1,"minecraft:air":0,"minecraft:bread":31,"minecraft:torch":84,"minecraft:diamond_chestplate":1},"minecraft:killed_by":{"minecraft:ghast":1,"minecraft:piglin_brute":1,"minecraft:magma_cube":1,"mutantmonsters:mutant_creeper":1,"minecraft:piglin":1,"minecraft:silverfish":3,"minecraft:cave_spider":1,"artifacts:mimic":2,"enemyexpansion:invisicreeper":3,"minecraft:player":3,"born_in_chaos_v1:zombie_lumberjack":1,"minecraft:skeleton":3,"enemyexpansion:botfly":1,"enemyexpansion:troll":1},"minecraft:mined":{"minecraft:white_bed":1,"minecraft:obsidian":20,"quark:glow_shroom_stem":3,"minecraft:grass_block":10,"minecraft:cracked_polished_blackstone_bricks":5,"iceandfire:lectern":2,"minecraft:soul_soil":10,"minecraft:nether_wart":1,"minecraft:spawner":3,"minecraft:polished_blackstone_bricks":6,"minecraft:magma_block":3,"minecraft:red_nether_brick_stairs":1,"minecraft:iron_ore":8,"minecraft:cobbled_deepslate":21,"minecraft:fire":12,"minecraft:deepslate_lapis_ore":4,"minecraft:pointed_dripstone":5,"minecraft:deepslate_redstone_ore":5,"minecraft:cyan_terracotta":1,"minecraft:blackstone":1,"minecraft:torch":3,"minecraft:blast_furnace":2,"minecraft:cobblestone":29,"minecraft:oak_planks":12,"placeablesmod:bread_full_block":1,"minecraft:amethyst_block":1,"minecraft:cauldron":1,"minecraft:birch_log":4,"minecraft:warped_fungus":1,"minecraft:smooth_stone_slab":1,"minecraft:oak_log":8,"minecraft:dirt":42,"luminousworld:grassvariant_3":1,"minecraft:netherrack":95,"minecraft:deepslate":2193,"minecraft:nether_gold_ore":16,"minecraft:tuff":270,"iceandfire:silver_ore":3,"minecraft:deepslate_diamond_ore":27,"born_in_chaos_v1:infected_diamond_ore":2,"minecraft:nether_bricks":16,"born_in_chaos_v1:black_argillite":9,"minecraft:cracked_nether_bricks":1,"minecraft:hay_block":11,"minecraft:oak_trapdoor":8,"minecraft:furnace":3,"minecraft:andesite":7,"minecraft:bookshelf":4,"minecraft:potatoes":24,"minecraft:deepslate_iron_ore":55,"minecraft:stone":57,"iceandfire:podium_spruce":1,"minecraft:soul_sand":47,"minecraft:basalt":1,"minecraft:polished_granite":1,"minecraft:crafting_table":5,"supplementaries:item_shelf":1,"minecraft:deepslate_gold_ore":5,"supplementaries:urn":31,"minecraft:birch_leaves":1,"minecraft:red_wall_banner":1,"minecraft:coal_ore":21,"minecraft:gravel":10,"minecraft:dripstone_block":2,"minecraft:cobweb":8,"minecraft:terracotta":2,"minecraft:polished_andesite":3,"minecraft:chipped_anvil":2,"minecraft:gold_ore":1,"minecraft:iron_trapdoor":11},"minecraft:used":{"tombstone:scroll_of_unstable_intangibility":1,"iceandfire:lectern":1,"minecraft:shield":140,"minecraft:iron_sword":186,"luminousworld:cooked_venison":1,"minecraft:rotten_flesh":6,"minecraft:soul_sand":2,"minecraft:nether_bricks":33,"minecraft:cyan_terracotta":1,"minecraft:lava_bucket":5,"minecraft:bow":152,"minecraft:furnace":3,"minecraft:potato":96,"stalwart_dungeons:tungsten_chestplate":1,"minecraft:oak_planks":29,"minecraft:stone_pickaxe":75,"minecraft:cookie":5,"minecraft:golden_apple":2,"minecraft:blast_furnace":2,"minecraft:bread":64,"minecraft:diamond_sword":436,"minecraft:andesite":6,"minecraft:cobweb":10,"minecraft:oak_trapdoor":8,"minecraft:netherrack":115,"minecraft:torch":122,"minecraft:dirt":11,"supplementaries:item_shelf":1,"minecraft:chipped_anvil":2,"minecraft:iron_axe":91,"minecraft:golden_carrot":13,"minecraft:iron_trapdoor":11,"tombstone:gift":8,"minecraft:cobbled_deepslate":185,"minecraft:pointed_dripstone":4,"minecraft:water_bucket":10,"tombstone:scroll_of_knowledge":2,"tombstone:scroll_of_reach":3,"minecraft:polished_andesite":1,"minecraft:baked_potato":111,"minecraft:cauldron":4,"minecraft:crafting_table":6,"enemyexpansion:troll_molar":17,"minecraft:white_bed":1,"stalwart_dungeons:tungsten_leggings":1,"minecraft:diamond_pickaxe":478,"minecraft:apple":9,"minecraft:diamond_shovel":117,"minecraft:cracked_polished_blackstone_bricks":4,"minecraft:iron_pickaxe":170,"tombstone:magic_scroll":20,"stalwart_dungeons:tungsten_sword":116,"minecraft:stone_axe":61,"minecraft:potion":1,"minecraft:cobblestone":68,"vanillaplustools:iron_hammer":250,"minecraft:cooked_porkchop":4,"minecraft:bucket":15,"minecraft:red_banner":1,"alexsmobs:animal_dictionary":1,"minecraft:splash_potion":1},"minecraft:broken":{"vanillaplustools:iron_hammer":1,"minecraft:diamond_boots":1,"minecraft:shield":2,"stalwart_dungeons:tungsten_sword":1},"minecraft:picked_up":{"minecraft:chainmail_boots":1,"minecraft:iron_trapdoor":11,"minecraft:diamond_sword":7,"minecraft:enchanted_book":2,"minecraft:amethyst_block":1,"born_in_chaos_v1:black_argillite":9,"minecraft:string":20,"minecraft:soul_soil":10,"minecraft:raw_copper":9,"minecraft:red_nether_bricks":11,"minecraft:iron_leggings":6,"minecraft:diamond_leggings":3,"minecraft:gold_nugget":68,"minecraft:cobbled_deepslate":1278,"minecraft:rose_bush":1,"minecraft:smooth_quartz":22,"minecraft:iron_pickaxe":2,"minecraft:furnace":3,"minecraft:iron_boots":3,"minecraft:tipped_arrow":1,"minecraft:golden_helmet":2,"minecraft:stick":2,"minecraft:torch":10,"stalwart_dungeons:tungsten_chestplate":1,"minecraft:pointed_dripstone":9,"tombstone:grave_dust":36,"aether:golden_gloves":6,"minecraft:cauldron":1,"minecraft:rotten_flesh":124,"supplementaries:antique_ink":7,"minecraft:cyan_terracotta":22,"supplementaries:ash":107,"minecraft:blaze_rod":25,"minecraft:obsidian":19,"minecraft:cobblestone":89,"minecraft:birch_log":4,"minecraft:magma_block":21,"minecraft:magma_cream":1,"minecraft:water_bucket":1,"minecraft:andesite":7,"minecraft:golden_leggings":7,"minecraft:potato":133,"supplementaries:item_shelf":1,"minecraft:flint":4,"minecraft:tuff":115,"supplementaries:flax_seeds":7,"minecraft:gray_concrete":1,"artifacts:pickaxe_heater":1,"minecraft:lapis_lazuli":21,"minecraft:dirt":49,"artifacts:flippers":1,"minecraft:leather_boots":2,"minecraft:bone":73,"minecraft:chipped_anvil":2,"minecraft:bow":4,"minecraft:wheat_seeds":2,"minecraft:raw_gold":14,"minecraft:diamond_helmet":1,"minecraft:oak_planks":33,"iceandfire:podium_spruce":1,"earthmobsmod:harder_flesh":1,"minecraft:red_terracotta":15,"sophisticatedbackpacks:iron_backpack":1,"minecraft:mossy_cobblestone":1,"alexsmobs:animal_dictionary":1,"minecraft:dark_prismarine":2,"minecraft:bundle":7,"minecraft:iron_hoe":1,"minecraft:polished_andesite":3,"born_in_chaos_v1:fire_dust":1,"minecraft:diamond":135,"iceandfire:lectern":2,"minecraft:cracked_polished_blackstone_bricks":7,"minecraft:granite":4,"stalwart_dungeons:tungsten_leggings":1,"minecraft:grass":1,"minecraft:emerald":2,"minecraft:bread":25,"minecraft:netherrack":2292,"iceandfire:raw_silver":3,"minecraft:diamond_pickaxe":1,"minecraft:cocoa_beans":2,"minecraft:crafting_table":5,"born_in_chaos_v1:diamond_termite_shard":4,"minecraft:splash_potion":1,"iceandfire:witherbone":1,"minecraft:nether_wart":4,"minecraft:leather_leggings":1,"minecraft:shield":1,"minecraft:oak_trapdoor":8,"minecraft:moss_carpet":1,"minecraft:blackstone":36,"iceandfire:bestiary":1,"minecraft:birch_sapling":1,"minecraft:raw_iron":66,"minecraft:stone":1,"stalwart_dungeons:tungsten_sword":1,"minecraft:polished_blackstone_bricks":7,"minecraft:cookie":5,"born_in_chaos_v1:pieceofdarkmetal":3,"minecraft:redstone":9,"minecraft:arrow":38,"minecraft:diamond_chestplate":1,"minecraft:nether_bricks":325,"minecraft:diamond_boots":5,"minecraft:hay_block":10,"sophisticatedbackpacks:copper_backpack":2,"tombstone:essence_of_undeath":1,"minecraft:brick_stairs":1,"enemyexpansion:troll_molar":1,"minecraft:skeleton_skull":1,"born_in_chaos_v1:corpse_maggot":34,"minecraft:basalt":146,"minecraft:air":0,"minecraft:golden_carrot":13,"luminousworld:ishstone":1,"minecraft:birch_planks":1,"minecraft:oak_log":12,"minecraft:chainmail_chestplate":1,"minecraft:gunpowder":3,"tombstone:voodoo_poppet":1,"vanillaplustools:iron_hammer":1,"tombstone:gift":1,"quark:forgotten_hat":1,"minecraft:red_nether_brick_stairs":2,"minecraft:red_sandstone":88,"minecraft:iron_ingot":6,"minecraft:stone_pickaxe":1,"minecraft:cobweb":12,"artifacts:kitty_slippers":1,"tombstone:bag_of_seeds":3,"minecraft:iron_sword":8,"minecraft:soul_sand":56,"minecraft:book":12,"minecraft:quartz":7,"born_in_chaos_v1:ethereal_spirit":1,"minecraft:cracked_nether_bricks":1,"minecraft:dripstone_block":2,"minecraft:gravel":2,"minecraft:red_banner":1,"minecraft:blast_furnace":2,"minecraft:white_bed":1,"minecraft:spider_eye":3,"minecraft:brick_slab":2,"minecraft:pumpkin_seeds":2,"luminousworld:cooked_venison":1,"minecraft:stone_axe":2,"minecraft:chainmail_leggings":1,"minecraft:baked_potato":82,"minecraft:terracotta":4,"tombstone:magic_scroll":7,"minecraft:coal":45},"minecraft:dropped":{"minecraft:iron_sword":3,"iceandfire:raw_silver":3,"minecraft:soul_sand":54,"minecraft:birch_planks":2,"minecraft:baked_potato":26,"minecraft:glass_bottle":1,"minecraft:red_sandstone":28,"minecraft:cookie":7,"born_in_chaos_v1:pieceofdarkmetal":1,"minecraft:cod":3,"minecraft:flint":4,"minecraft:cyan_terracotta":21,"minecraft:gray_concrete":1,"minecraft:cracked_polished_blackstone_bricks":3,"minecraft:dirt":14,"tombstone:bag_of_seeds":3,"minecraft:grass":1,"minecraft:polished_blackstone_bricks":7,"minecraft:iron_pickaxe":1,"minecraft:bone":14,"minecraft:gravel":2,"minecraft:stone_axe":3,"minecraft:blackstone":36,"born_in_chaos_v1:fire_dust":1,"minecraft:cobbled_deepslate":893,"alexsmobs:animal_dictionary":1,"aether:golden_gloves":6,"minecraft:obsidian":19,"minecraft:birch_sapling":1,"minecraft:wheat":2,"born_in_chaos_v1:ethereal_spirit":1,"tombstone:gift":2,"minecraft:rotten_flesh":124,"minecraft:oak_planks":6,"supplementaries:antique_ink":1,"supplementaries:flax_seeds":7,"supplementaries:ash":96,"minecraft:brick_stairs":1,"minecraft:skeleton_skull":1,"born_in_chaos_v1:corpse_maggot":27,"supplementaries:item_shelf":10,"minecraft:leather_boots":3,"iceandfire:pixie_dust":1,"born_in_chaos_v1:diamond_termite_shard":3,"iceandfire:bestiary":1,"minecraft:leather_leggings":1,"minecraft:red_nether_bricks":11,"minecraft:basalt":146,"minecraft:arrow":3,"minecraft:cracked_nether_bricks":1,"minecraft:quartz":7,"minecraft:netherrack":1880,"iceandfire:manuscript":6,"minecraft:iron_ingot":3,"minecraft:wheat_seeds":2,"minecraft:golden_helmet":2,"luminousworld:ishstone":1,"minecraft:mossy_cobblestone":1,"minecraft:dripstone_block":2,"minecraft:diamond_leggings":3,"minecraft:iron_helmet":1,"minecraft:cobblestone":15,"minecraft:amethyst_block":1,"minecraft:granite":4,"endrem:lost_eye":1,"minecraft:coal":4,"minecraft:polished_andesite":2,"born_in_chaos_v1:black_argillite":9,"iceandfire:podium_spruce":1,"minecraft:iron_trapdoor":8,"tombstone:magic_scroll":1,"tombstone:grave_key":1,"minecraft:rose_bush":1,"minecraft:diamond_helmet":1,"tombstone:grave_dust":40,"minecraft:iron_leggings":5,"minecraft:chainmail_leggings":2,"minecraft:string":20,"tombstone:voodoo_poppet":1,"iceandfire:dragonbone":1,"minecraft:redstone":9,"minecraft:moss_carpet":1,"minecraft:soul_soil":10,"minecraft:blaze_rod":24,"minecraft:raw_copper":9,"minecraft:cocoa_beans":2,"minecraft:tuff":115,"iceandfire:witherbone":1,"minecraft:raw_iron":21,"minecraft:iron_boots":4,"minecraft:iron_hoe":1,"minecraft:nether_bricks":178,"earthmobsmod:harder_flesh":1,"minecraft:red_terracotta":15,"minecraft:pumpkin_seeds":2,"minecraft:red_nether_brick_stairs":2,"minecraft:diamond_sword":1,"minecraft:stone":1,"minecraft:diamond_chestplate":1,"minecraft:bundle":5,"minecraft:diamond_pickaxe":1,"minecraft:andesite":1,"minecraft:golden_leggings":7,"iceandfire:lectern":1,"minecraft:spider_eye":3,"tombstone:essence_of_undeath":1,"minecraft:diamond_boots":4,"minecraft:red_sand":1,"sophisticatedbackpacks:copper_backpack":1,"minecraft:bow":4,"minecraft:stone_pickaxe":2,"minecraft:magma_cream":1,"minecraft:magma_block":16,"minecraft:brick_slab":2,"minecraft:dark_prismarine":2,"minecraft:terracotta":4},"minecraft:custom":{"minecraft:interact_with_crafting_table":49,"minecraft:open_barrel":128,"minecraft:leave_game":8,"minecraft:time_since_death":6834,"minecraft:damage_resisted":39,"minecraft:sprint_one_cm":660645,"minecraft:damage_blocked_by_shield":4698,"minecraft:drop":371,"minecraft:talked_to_villager":8,"minecraft:play_time":448035,"minecraft:deaths":30,"minecraft:interact_with_brewingstand":1,"minecraft:jump":5323,"minecraft:walk_on_water_one_cm":58783,"minecraft:enchant_item":5,"minecraft:interact_with_furnace":29,"minecraft:interact_with_loom":6,"minecraft:sleep_in_bed":2,"minecraft:damage_dealt":44997,"minecraft:player_kills":3,"minecraft:crouch_one_cm":148788,"tombstone:undead_killed":351,"minecraft:interact_with_smoker":46,"minecraft:interact_with_smithing_table":6,"minecraft:interact_with_anvil":12,"minecraft:mob_kills":543,"minecraft:inspect_hopper":8,"minecraft:damage_dealt_resisted":370,"minecraft:climb_one_cm":7851,"minecraft:walk_one_cm":1291482,"minecraft:damage_dealt_absorbed":379,"minecraft:sneak_time":34186,"minecraft:walk_under_water_one_cm":27671,"minecraft:interact_with_blast_furnace":17,"minecraft:total_world_time":448035,"tombstone:raider_killed":1,"minecraft:time_since_rest":6515,"minecraft:damage_taken":19177,"minecraft:damage_absorbed":79,"minecraft:trigger_trapped_chest":1,"tombstone:cast_on_ally":4,"minecraft:swim_one_cm":43358,"minecraft:fly_one_cm":1062765,"minecraft:open_chest":293,"minecraft:fall_one_cm":127468},"minecraft:killed":{"minecraft:cave_spider":1,"minecraft:witch":1,"born_in_chaos_v1:restless_spirit":1,"minecraft:spider":5,"minecraft:skeleton":95,"minecraft:silverfish":6,"alexsmobs:straddler":1,"minecraft:piglin_brute":3,"undead_revamp2:thespitter":1,"artifacts:mimic":2,"minecraft:piglin":5,"born_in_chaos_v1:diamond_termite":7,"born_in_chaos_v1:bone_imp":1,"minecraft:creeper":2,"minecraft:zombie":237,"born_in_chaos_v1:corpse_fly":9,"enemyexpansion:botfly":47,"minecraft:blaze":2,"enemyexpansion:intruder":1,"enemyexpansion:direwolf":3,"born_in_chaos_v1:zombie_bruiser":1,"born_in_chaos_v1:maggot":56,"earthmobsmod:wither_skeleton_wolf":2,"alexsmobs:blue_jay":1,"stalwart_dungeons:nether_wart_cocoon":2,"endermanoverhaul:soulsand_valley_enderman":1,"born_in_chaos_v1:corpse_fish":1,"earthmobsmod:bouldering_zombie":3,"enemyexpansion:troll":1,"enemyexpansion:sprinter":2,"born_in_chaos_v1:decrepit_skeleton":2,"endermanoverhaul:spirit":1,"enemyexpansion:crawler":1,"born_in_chaos_v1:bloody_gadfly":1,"mutantmonsters:creeper_minion":1,"endermanoverhaul:cave_enderman":1,"enemyexpansion:huntsman":1,"minecraft:wither_skeleton":4,"enemyexpansion:slugger":1}},"DataVersion":3465}