{"stats":{"minecraft:broken":{"minecraft:iron_chestplate":1,"minecraft:iron_leggings":2,"quark:forgotten_hat":1,"aether:iron_gloves":3,"stalwart_dungeons:tungsten_axe":1,"minecraft:iron_helmet":1,"vanillaplustools:iron_hammer":1,"minecraft:diamond_boots":1,"iceandfire:armor_blue_boots":1,"minecraft:diamond_chestplate":1,"minecraft:flint_and_steel":1,"minecraft:leather_boots":1},"minecraft:mined":{"minecraft:dark_prismarine_stairs":1,"minecraft:red_nether_bricks":22,"minecraft:obsidian":1,"minecraft:granite":122,"minecraft:coal_block":8,"minecraft:chiseled_stone_bricks":6,"minecraft:spawner":15,"minecraft:polished_blackstone_bricks":7,"minecraft:magma_block":53,"minecraft:barrel":9,"minecraft:cobbled_deepslate":62,"minecraft:fire":36,"minecraft:deepslate_lapis_ore":21,"minecraft:fletching_table":3,"minecraft:nether_brick_stairs":48,"minecraft:enchanting_table":3,"iceandfire:gold_pile":5,"stalwart_dungeons:soul_magma_bricks":5,"minecraft:iron_block":1,"minecraft:kelp_plant":47,"minecraft:smoker":2,"minecraft:soul_fire":14,"minecraft:amethyst_cluster":2,"minecraft:torch":11,"born_in_chaos_v1:infected_deepslate_diamond_ore":17,"minecraft:note_block":7,"minecraft:blast_furnace":1,"minecraft:polished_andesite_stairs":1,"minecraft:melon":2,"minecraft:nether_brick_slab":2,"minecraft:sugar_cane":7,"minecraft:damaged_anvil":1,"minecraft:amethyst_block":8,"minecraft:skeleton_skull":1,"minecraft:wheat":8,"minecraft:potted_poppy":1,"minecraft:stone_brick_stairs":2,"minecraft:grass":17,"quark:birch_chest":4,"minecraft:smooth_quartz":107,"luminousworld:grassvariant_3":1,"stalwart_dungeons:pusher":2,"minecraft:smooth_basalt":63,"minecraft:stonecutter":1,"minecraft:deepslate":4715,"tombstone:dark_marble":1,"minecraft:infested_deepslate":1,"quark:red_corundum":8,"minecraft:dark_prismarine":5,"minecraft:mossy_cobblestone":11,"stalwart_dungeons:soul_bricks":72,"minecraft:nether_brick_wall":1,"minecraft:nether_bricks":388,"minecraft:cobbled_deepslate_slab":1,"born_in_chaos_v1:black_argillite":19,"minecraft:crimson_roots":1,"iceandfire:deepslate_silver_ore":4,"luminousworld:grassvariant_2":6,"minecraft:kelp":33,"minecraft:andesite":96,"minecraft:potatoes":18,"minecraft:vine":1,"minecraft:smooth_quartz_stairs":3,"luminousworld:groundpebbles_2":1,"iceandfire:podium_spruce":1,"minecraft:white_wool":4,"minecraft:smithing_table":3,"minecraft:oak_slab":2,"minecraft:glass_pane":6,"minecraft:chiseled_nether_bricks":4,"minecraft:soul_sand":18,"quark:oak_chest":2,"minecraft:stone_brick_slab":10,"minecraft:emerald_ore":2,"minecraft:campfire":5,"luminousworld:grassflowers":3,"minecraft:copper_ore":2,"quark:glow_shroom_block":2,"minecraft:tall_grass":4,"minecraft:deepslate_gold_ore":29,"minecraft:diorite":111,"stalwart_dungeons:tungsten_ore":21,"minecraft:coarse_dirt":1,"minecraft:cobblestone_wall":4,"minecraft:spruce_log":167,"minecraft:birch_leaves":8,"luminousworld:autumnplank":1,"luminousworld:clovers_5":2,"luminousworld:ishstone":50,"minecraft:gravel":110,"minecraft:dripstone_block":1,"minecraft:cobweb":59,"minecraft:stone_bricks":56,"luminousworld:white_petunias":1,"minecraft:waxed_cut_copper_slab":1,"stalwart_dungeons:spore_vaporizer":2,"minecraft:spruce_planks":7,"minecraft:farmland":7,"luminousworld:yellowpetunias":2,"minecraft:mossy_stone_brick_slab":1,"minecraft:sculk_vein":4,"quark:glow_shroom_stem":4,"minecraft:stripped_crimson_hyphae":3,"minecraft:grass_block":12,"minecraft:cracked_polished_blackstone_bricks":1,"iceandfire:lectern":2,"minecraft:soul_soil":68,"minecraft:stripped_warped_hyphae":2,"minecraft:frosted_ice":2,"minecraft:smooth_stone":51,"minecraft:raw_iron_block":5,"minecraft:mossy_cobblestone_slab":2,"minecraft:glowstone":5,"minecraft:red_nether_brick_stairs":28,"minecraft:iron_ore":49,"minecraft:anvil":1,"minecraft:pointed_dripstone":7,"minecraft:birch_wall_sign":9,"ecologics:walnut_log":8,"minecraft:spruce_slab":30,"minecraft:deepslate_redstone_ore":13,"minecraft:cyan_terracotta":2,"minecraft:blackstone":562,"supplementaries:book_pile":2,"stalwart_dungeons:transient_block_close":1,"stalwart_dungeons:soul_tiles":4,"minecraft:soul_lantern":1,"minecraft:clay":1,"quark:cobblestone_bricks":26,"minecraft:calcite":62,"iceandfire:ghost_chest":1,"minecraft:nether_quartz_ore":332,"minecraft:cobblestone":465,"minecraft:oak_planks":22,"minecraft:iron_door":1,"minecraft:wall_torch":36,"minecraft:seagrass":1,"minecraft:warped_nylium":1,"placeablesmod:cooked_pork_block":1,"luminousworld:clovers_1":3,"minecraft:tnt":1,"minecraft:smooth_stone_slab":7,"minecraft:oak_log":66,"minecraft:sand":19,"minecraft:dirt":18,"quark:glow_shroom_ring":1,"minecraft:ancient_debris":20,"minecraft:netherrack":36112,"minecraft:polished_deepslate_wall":1,"minecraft:oak_leaves":13,"minecraft:nether_gold_ore":110,"alexscaves:spelunkery_table":1,"luminousworld:groundpebbles_1":6,"minecraft:tuff":796,"luminousworld:grassvariant_4":7,"minecraft:potted_wither_rose":1,"minecraft:deepslate_diamond_ore":52,"born_in_chaos_v1:nightmare_stalker_skull":1,"iceandfire:frozen_cobblestone":14,"born_in_chaos_v1:infected_diamond_ore":2,"iceandfire:frozen_stone":23,"luminousworld:clovers_4":1,"minecraft:brick_stairs":3,"minecraft:spruce_leaves":235,"minecraft:cracked_nether_bricks":15,"minecraft:furnace":2,"luminousworld:yellow_grassflowers":1,"minecraft:gold_block":1,"quark:nether_wart_sack":1,"minecraft:bookshelf":127,"minecraft:deepslate_iron_ore":367,"minecraft:lantern":1,"minecraft:stone":942,"minecraft:redstone_wall_torch":1,"minecraft:scaffolding":2,"born_in_chaos_v1:marigolds":1,"quark:blue_corundum":1,"minecraft:infested_stone_bricks":2,"minecraft:basalt":1197,"minecraft:crafting_table":7,"minecraft:rose_bush":1,"minecraft:lectern":1,"minecraft:lapis_ore":10,"minecraft:sculk":43,"supplementaries:urn":24,"minecraft:spruce_stairs":1,"minecraft:birch_planks":22,"minecraft:brick_slab":4,"minecraft:yellow_bed":8,"minecraft:coal_ore":54,"minecraft:cyan_carpet":2,"minecraft:gray_carpet":2,"minecraft:cracked_stone_bricks":15,"minecraft:terracotta":16,"minecraft:polished_andesite":1,"minecraft:mossy_stone_bricks":10},"minecraft:dropped":{"sophisticatedbackpacks:iron_backpack":1,"stalwart_dungeons:ancient_fire":1,"minecraft:iron_sword":5,"iceandfire:raw_silver":1,"minecraft:lapis_lazuli":21,"quark:blue_corundum":1,"minecraft:diamond":108,"artifacts:shock_pendant":1,"minecraft:pitcher_pod":2,"minecraft:cookie":5,"minecraft:glow_berries":5,"minecraft:cracked_stone_bricks":8,"born_in_chaos_v1:pieceofdarkmetal":4,"minecraft:rail":2,"minecraft:emerald":49,"born_in_chaos_v1:monster_flesh":1,"minecraft:dirt":488,"supplementaries:rope":10,"born_in_chaos_v1:phantom_powder":4,"minecraft:stone_button":2,"minecraft:sand":1,"minecraft:sugar":2,"minecraft:iron_pickaxe":2,"vanillaplustools:iron_hammer":3,"undead_revamp2:blacpetalblock":1,"iceandfire:armor_silver_metal_helmet":1,"stalwart_dungeons:tungsten_sword":1,"luminousworld:clovers_1":5,"minecraft:bone":62,"quark:ancient_tome":2,"minecraft:music_disc_blocks":1,"alexsmobs:centipede_leg":3,"minecraft:sugar_cane":13,"minecraft:ancient_debris":24,"minecraft:iron_nugget":1,"minecraft:golden_chestplate":3,"minecraft:cobbled_deepslate":12479,"minecraft:nether_brick":64,"alexscaves:cave_tablet":1,"minecraft:birch_sapling":10,"undead_revamp2:arapholia":1,"minecraft:rotten_flesh":526,"minecraft:oak_planks":4,"minecraft:glowstone_dust":14,"iceandfire:dragonscales_blue":46,"supplementaries:flax_seeds":5,"luminousworld:grassflowers":4,"quark:glow_shroom_ring":8,"minecraft:tipped_arrow":2,"iceandfire:ghost_chest":1,"minecraft:charcoal":10,"minecraft:leather_boots":5,"tombstone:scroll_of_knowledge":1,"minecraft:leather_leggings":4,"endrem:nether_eye":1,"minecraft:red_nether_bricks":9,"minecraft:beef":1,"stalwart_dungeons:tungsten_ingot":21,"luminousworld:beastiary":2,"iceandfire:manuscript":8,"minecraft:iron_ingot":71,"minecraft:enchanted_book":1,"minecraft:golden_boots":4,"minecraft:chiseled_nether_bricks":1,"minecraft:wheat_seeds":98,"luminousworld:ishstone":11,"minecraft:tnt":1,"minecraft:smooth_quartz_stairs":2,"minecraft:dripstone_block":1,"minecraft:feather":4,"minecraft:iron_helmet":7,"minecraft:cobblestone":232,"minecraft:book":266,"minecraft:granite":47,"born_in_chaos_v1:charmof_endurance":1,"minecraft:spruce_door":1,"born_in_chaos_v1:soul_cutlass":1,"minecraft:chainmail_helmet":7,"minecraft:coal":48,"alexsmobs:raw_catfish":3,"minecraft:golden_apple":6,"minecraft:polished_andesite":1,"stalwart_dungeons:soul_bricks":4,"born_in_chaos_v1:gnawed_bones":2,"minecraft:gray_wool":3,"born_in_chaos_v1:black_argillite":3,"minecraft:golden_carrot":35,"minecraft:dried_kelp":6,"quark:soul_bead":1,"minecraft:iron_shovel":9,"minecraft:chainmail_leggings":4,"minecraft:paper":2,"minecraft:string":50,"tombstone:voodoo_poppet":2,"minecraft:spruce_sapling":4,"minecraft:stone_brick_slab":9,"iceandfire:frozen_cobblestone":2,"vanillaplustools:diamond_hammer":2,"naturalist:duck_egg":1,"minecraft:moss_carpet":3,"minecraft:soul_soil":1,"quark:blue_corundum_cluster":2,"minecraft:stone_sword":1,"minecraft:cobblestone_wall":1,"minecraft:cocoa_beans":5,"minecraft:smooth_stone_slab":7,"minecraft:deepslate":1,"iceandfire:dragonegg_silver":1,"quark:red_corundum_cluster":14,"minecraft:chicken":1,"minecraft:clay_ball":4,"minecraft:iron_boots":6,"sophisticatedbackpacks:backpack":4,"minecraft:torchflower_seeds":5,"minecraft:nether_bricks":118,"earthmobsmod:harder_flesh":13,"minecraft:shears":1,"minecraft:pumpkin_seeds":1,"minecraft:diamond_sword":2,"minecraft:potato":2,"supplementaries:quiver":2,"minecraft:cyan_wool":2,"mutantmonsters:mutant_skeleton_rib_cage":2,"minecraft:flower_pot":2,"ecologics:walnut":1,"minecraft:spruce_planks":1,"minecraft:bundle":5,"minecraft:diamond_pickaxe":1,"quark:birch_chest":1,"iceandfire:dragonbone_arrow":192,"minecraft:stone_pressure_plate":1,"minecraft:spider_eye":1,"minecraft:stone_bricks":13,"minecraft:barrel":8,"sophisticatedbackpacks:copper_backpack":1,"minecraft:bow":13,"minecraft:magma_block":47,"minecraft:black_wool":1,"minecraft:nether_brick_stairs":46,"minecraft:soul_sand":51,"luminousworld:yellowpetunias":5,"minecraft:oak_log":3,"luminousworld:white_petunias":1,"iceandfire:ice_dragon_flesh":2,"minecraft:leather":11,"stalwart_dungeons:tungsten_shield":1,"minecraft:flint":13,"minecraft:cyan_terracotta":5,"tombstone:bag_of_seeds":4,"minecraft:packed_ice":1,"iceandfire:armor_silver_metal_leggings":1,"minecraft:crimson_roots":1,"iceandfire:chared_gravel":2,"quark:nether_wart_sack":1,"iceandfire:armor_blue_helmet":1,"iceandfire:ash":1,"minecraft:polished_blackstone_bricks":3,"minecraft:gold_ingot":1,"minecraft:gravel":158,"minecraft:blackstone":294,"born_in_chaos_v1:ethereal_spirit":4,"minecraft:pointed_dripstone":1,"minecraft:cooked_mutton":4,"minecraft:carrot":1,"supplementaries:antique_ink":8,"minecraft:chainmail_chestplate":8,"minecraft:poppy":1,"minecraft:leather_chestplate":4,"supplementaries:ash":307,"born_in_chaos_v1:seedof_chaos":1,"minecraft:gunpowder":19,"minecraft:beetroot_seeds":4,"minecraft:melon_seeds":5,"born_in_chaos_v1:corpse_maggot":80,"supplementaries:item_shelf":10,"minecraft:spruce_wood":4,"minecraft:chainmail_boots":5,"quark:forgotten_hat":1,"born_in_chaos_v1:diamond_termite_shard":5,"minecraft:basalt":1470,"minecraft:arrow":137,"minecraft:cracked_nether_bricks":6,"minecraft:quartz":48,"artifacts:scarf_of_invisibility":2,"minecraft:netherrack":54242,"minecraft:water_bucket":2,"minecraft:bread":26,"minecraft:oak_slab":1,"minecraft:golden_helmet":2,"minecraft:mossy_cobblestone":9,"minecraft:amethyst_block":15,"luminousworld:decorative_brown_mushroom_1":1,"minecraft:nether_brick_wall":1,"minecraft:acacia_log":1,"mowziesmobs:wrought_axe":1,"minecraft:stick":15,"born_in_chaos_v1:pumpkin_staff":1,"born_in_chaos_v1:river_mint":3,"minecraft:diorite":7,"tombstone:magic_scroll":1,"tombstone:grave_key":1,"minecraft:smooth_quartz":107,"minecraft:brown_wool":2,"born_in_chaos_v1:fused_bone":4,"minecraft:iron_door":1,"minecraft:zombie_head":2,"minecraft:fire_charge":14,"tombstone:grave_dust":28,"minecraft:iron_leggings":4,"minecraft:polished_andesite_stairs":1,"minecraft:iron_axe":3,"minecraft:bucket":8,"minecraft:smooth_basalt":45,"iceandfire:dragonbone":28,"minecraft:redstone":19,"minecraft:kelp":223,"minecraft:oak_trapdoor":1,"minecraft:nether_wart":1,"minecraft:raw_copper":20,"minecraft:tuff":1100,"minecraft:raw_iron":273,"iceandfire:witherbone":4,"minecraft:wither_skeleton_skull":1,"minecraft:iron_hoe":4,"minecraft:red_nether_brick_stairs":16,"luminousworld:yellow_grassflowers":2,"minecraft:filled_map":2,"alexscaves:radgill":1,"minecraft:shield":2,"minecraft:iron_chestplate":10,"luminousworld:groundpebbles_1":6,"minecraft:andesite":5,"minecraft:mossy_stone_bricks":4,"stalwart_dungeons:tungsten_axe":1,"minecraft:golden_leggings":2,"minecraft:oak_sapling":1,"iceandfire:dragonbone_bow":3,"minecraft:golden_sword":3,"minecraft:infested_stone":21,"minecraft:birch_sign":5,"tombstone:essence_of_undeath":1,"minecraft:diamond_boots":1,"minecraft:raw_gold":7,"minecraft:calcite":23,"quark:red_corundum":8,"quark:diamond_heart":1},"minecraft:picked_up":{"minecraft:iron_chestplate":11,"minecraft:chainmail_boots":7,"minecraft:flower_pot":2,"minecraft:prismarine_shard":5,"minecraft:smithing_table":1,"minecraft:diamond_sword":3,"minecraft:wither_rose":1,"minecraft:enchanted_book":1,"minecraft:golden_sword":1,"minecraft:amethyst_block":8,"iceandfire:manuscript":2,"minecraft:string":107,"minecraft:soul_soil":21,"minecraft:red_nether_bricks":15,"minecraft:gold_nugget":333,"minecraft:cobbled_deepslate":1977,"minecraft:spruce_planks":4,"minecraft:melon_slice":11,"minecraft:coal_block":8,"ecologics:crab_claw":3,"minecraft:golden_helmet":1,"born_in_chaos_v1:shattered_skull":1,"minecraft:acacia_log":1,"quark:nether_wart_sack":1,"stalwart_dungeons:tungsten_chestplate":1,"minecraft:golden_axe":1,"alexsmobs:centipede_leg":3,"minecraft:golden_chestplate":2,"minecraft:chiseled_nether_bricks":1,"stalwart_dungeons:soul_magma_bricks":5,"luminousworld:grassflowers":6,"minecraft:stone_sword":1,"luminousworld:yellow_grassflowers":1,"minecraft:tropical_fish":1,"iceandfire:fire_dragon_heart":1,"minecraft:cyan_terracotta":5,"supplementaries:quiver":2,"supplementaries:ash":198,"minecraft:blaze_rod":337,"alexsmobs:flying_fish":2,"minecraft:birch_log":16,"minecraft:magma_block":2,"minecraft:mossy_cobblestone_slab":2,"minecraft:water_bucket":2,"minecraft:brown_wool":2,"minecraft:smoker":1,"vanillaplustools:diamond_hammer":1,"minecraft:flint":7,"minecraft:lantern":2,"born_in_chaos_v1:nightmare_stalker_skull":1,"artifacts:shock_pendant":1,"born_in_chaos_v1:marigolds":1,"stalwart_dungeons:blaze_armor_scrap":30,"undead_revamp2:blacpetalblock":1,"quark:soul_bead":1,"minecraft:glowstone_dust":78,"minecraft:pitcher_pod":1,"iceandfire:dragon_skull_fire":4,"minecraft:barrel":8,"naturalist:duck_egg":1,"minecraft:bundle":5,"minecraft:iron_hoe":4,"minecraft:polished_andesite":1,"stalwart_dungeons:spore_vaporizer":5,"minecraft:deepslate":1,"luminousworld:yellowpetunias":2,"iceandfire:lectern":3,"minecraft:granite":117,"minecraft:chainmail_helmet":3,"iceandfire:dragonbone_bow":2,"minecraft:bread":21,"iceandfire:gorgon_head":1,"born_in_chaos_v1:rotten_fish":2,"minecraft:crimson_roots":1,"iceandfire:raw_silver":3,"minecraft:diamond_pickaxe":1,"luminousworld:groundpebbles_1":12,"minecraft:crafting_table":5,"minecraft:clay_ball":4,"iceandfire:witherbone":5,"minecraft:stripped_warped_hyphae":2,"minecraft:nether_wart":4,"minecraft:golden_pickaxe":1,"minecraft:leather_leggings":1,"iceandfire:dragonegg_silver":2,"minecraft:flint_and_steel":1,"minecraft:iron_shovel":9,"minecraft:cracked_stone_bricks":4,"iceandfire:bestiary":3,"minecraft:beef":18,"born_in_chaos_v1:gnawed_bones":2,"minecraft:cyan_wool":2,"minecraft:iron_nugget":12,"minecraft:poppy":1,"minecraft:spruce_slab":34,"minecraft:birch_sapling":1,"naturalist:duck":1,"sophisticatedbackpacks:backpack":4,"stalwart_dungeons:tungsten_sword":1,"born_in_chaos_v1:pieceofdarkmetal":12,"minecraft:redstone":19,"iceandfire:armor_blue_boots":1,"iceandfire:dragon_skull_ice":4,"minecraft:cooked_cod":1,"minecraft:shears":1,"stalwart_dungeons:tungsten_axe":3,"tombstone:essence_of_undeath":3,"sophisticatedbackpacks:copper_backpack":1,"minecraft:glow_berries":6,"minecraft:mutton":8,"minecraft:rail":2,"minecraft:white_wool":7,"born_in_chaos_v1:monster_flesh":1,"born_in_chaos_v1:pumpkin_staff":2,"luminousworld:ishstone":50,"minecraft:filled_map":2,"minecraft:oak_log":33,"minecraft:ancient_debris":2,"minecraft:golden_boots":2,"mowziesmobs:wrought_axe":1,"iceandfire:dragonscales_blue":71,"vanillaplustools:iron_hammer":1,"minecraft:paper":3,"tombstone:gift":1,"born_in_chaos_v1:soul_cutlass":11,"minecraft:stone_bricks":35,"minecraft:kelp":14,"minecraft:cobweb":24,"tombstone:bag_of_seeds":8,"minecraft:glass_bottle":5,"minecraft:iron_sword":8,"minecraft:polished_andesite_stairs":2,"minecraft:smooth_basalt":31,"iceandfire:dragonbone_sword":7,"born_in_chaos_v1:ethereal_spirit":6,"minecraft:cracked_nether_bricks":8,"minecraft:gravel":9,"iceandfire:armor_blue_leggings":1,"minecraft:spruce_sapling":21,"minecraft:spruce_log":228,"minecraft:crying_obsidian":2,"quark:blue_corundum_cluster":2,"minecraft:leather_helmet":1,"quark:cobblestone_bricks":25,"minecraft:slime_ball":1,"minecraft:diamond_axe":4,"minecraft:gray_wool":2,"iceandfire:ice_dragon_flesh":3,"minecraft:baked_potato":1,"minecraft:melon_seeds":4,"quark:blue_corundum":1,"minecraft:ender_pearl":2,"minecraft:wheat":5,"alexscaves:radgill":1,"aether:iron_gloves":2,"minecraft:nether_brick":507,"born_in_chaos_v1:holiday_candy":22,"born_in_chaos_v1:black_argillite":19,"minecraft:raw_copper":26,"minecraft:smooth_stone_slab":2,"minecraft:iron_leggings":4,"minecraft:zombie_head":2,"minecraft:sea_pickle":1,"minecraft:calcite":11,"minecraft:iron_pickaxe":7,"minecraft:smooth_quartz_stairs":2,"minecraft:iron_boots":5,"minecraft:furnace":18,"minecraft:tipped_arrow":2,"minecraft:stick":17,"ecologics:walnut_log":8,"born_in_chaos_v1:phantom_powder":4,"minecraft:torch":76,"minecraft:porkchop":13,"minecraft:pointed_dripstone":19,"tombstone:grave_dust":67,"minecraft:diorite":118,"born_in_chaos_v1:nightmare_claw":1,"quark:ancient_tome":1,"minecraft:rotten_flesh":287,"supplementaries:antique_ink":6,"minecraft:obsidian":1,"minecraft:cod":10,"undead_revamp2:arapholia":1,"minecraft:cobblestone":1553,"minecraft:enchanting_table":3,"ecologics:walnut":1,"minecraft:andesite":86,"minecraft:potato":28,"alexscaves:cave_book":1,"minecraft:tuff":21,"supplementaries:flax_seeds":3,"minecraft:wither_skeleton_skull":2,"minecraft:lapis_lazuli":148,"minecraft:dirt":56,"minecraft:polished_granite":1,"minecraft:bone":219,"minecraft:bow":11,"minecraft:wheat_seeds":34,"minecraft:raw_gold":27,"minecraft:cobbled_deepslate_slab":1,"stalwart_dungeons:tungsten_shield":1,"minecraft:fletching_table":3,"minecraft:oak_planks":14,"minecraft:music_disc_13":1,"iceandfire:podium_spruce":2,"earthmobsmod:harder_flesh":11,"minecraft:sand":18,"minecraft:nether_brick_stairs":46,"minecraft:lily_of_the_valley":1,"quark:red_corundum":8,"minecraft:mossy_cobblestone":2,"minecraft:sugar":2,"minecraft:diamond":63,"minecraft:cracked_polished_blackstone_bricks":1,"minecraft:golden_apple":9,"minecraft:emerald":14,"minecraft:oak_sapling":2,"minecraft:netherrack":2475,"minecraft:cocoa_beans":2,"minecraft:charcoal":2,"born_in_chaos_v1:diamond_termite_shard":8,"artifacts:night_vision_goggles":1,"minecraft:chicken":1,"born_in_chaos_v1:river_mint":1,"minecraft:stone_brick_wall":2,"minecraft:gold_block":2,"iceandfire:frozen_cobblestone":2,"stalwart_dungeons:soul_bricks":65,"minecraft:chain":1,"minecraft:shield":1,"minecraft:moss_carpet":3,"minecraft:iron_axe":8,"minecraft:blackstone":58,"minecraft:oak_boat":5,"minecraft:lectern":5,"tombstone:dark_marble":1,"iceandfire:ice_dragon_heart":1,"minecraft:stripped_crimson_hyphae":3,"minecraft:raw_iron":200,"iceandfire:dragonbone":28,"ecologics:coconut_slice":6,"minecraft:copper_ingot":2,"stalwart_dungeons:ancient_fire":1,"minecraft:note_block":14,"minecraft:polished_blackstone_bricks":6,"quark:birch_chest":3,"minecraft:stone_button":7,"minecraft:cookie":40,"luminousworld:beastiary":1,"born_in_chaos_v1:charmof_endurance":1,"minecraft:light_blue_bed":1,"minecraft:iron_horse_armor":1,"minecraft:stone_pressure_plate":1,"minecraft:arrow":57,"stalwart_dungeons:raw_tungsten":21,"minecraft:nether_bricks":225,"minecraft:nether_brick_wall":1,"minecraft:skeleton_skull":1,"born_in_chaos_v1:fused_bone":4,"born_in_chaos_v1:corpse_maggot":87,"minecraft:air":42,"minecraft:basalt":22,"minecraft:golden_carrot":1,"minecraft:salmon":1,"minecraft:leather":8,"minecraft:birch_planks":16,"minecraft:chainmail_chestplate":6,"iceandfire:ectoplasm":1,"minecraft:yellow_bed":8,"minecraft:cobblestone_wall":2,"minecraft:gunpowder":42,"minecraft:wooden_hoe":1,"quark:forgotten_hat":2,"minecraft:red_nether_brick_stairs":16,"minecraft:rabbit_hide":15,"minecraft:spruce_wood":4,"minecraft:iron_ingot":3,"quark:pickarang":2,"luminousworld:white_petunias":1,"iceandfire:fire_dragon_flesh":1,"minecraft:soul_sand":17,"minecraft:book":194,"stalwart_dungeons:transient_block_close":2,"minecraft:scaffolding":3,"minecraft:oak_slab":1,"luminousworld:clovers_1":6,"quark:red_corundum_cluster":14,"minecraft:stone_brick_slab":5,"iceandfire:ash":1,"minecraft:quartz":56,"minecraft:dripstone_block":1,"stalwart_dungeons:soul_tiles":3,"minecraft:amethyst_shard":8,"mowziesmobs:wrought_helmet":1,"minecraft:blast_furnace":1,"artifacts:scarf_of_invisibility":3,"quark:oak_chest":2,"minecraft:spruce_door":1,"minecraft:spider_eye":14,"minecraft:pumpkin_seeds":1,"minecraft:chainmail_leggings":5,"minecraft:iron_helmet":8,"minecraft:terracotta":14,"tombstone:magic_scroll":10,"minecraft:black_wool":1,"iceandfire:chared_gravel":2,"minecraft:coal":196,"quark:diamond_heart":1},"minecraft:used":{"iceandfire:lectern":1,"minecraft:spruce_slab":539,"iceandfire:dragon_skull_ice":4,"minecraft:rotten_flesh":1,"minecraft:soul_sand":9,"born_in_chaos_v1:soul_cutlass":919,"minecraft:lava_bucket":7,"born_in_chaos_v1:nightmare_stalker_skull":1,"minecraft:bow":225,"minecraft:furnace":27,"minecraft:potato":2,"luminousworld:ironhammer":21,"minecraft:spruce_door":2,"minecraft:blackstone":44,"minecraft:cookie":8,"naturalist:duck_egg":1,"minecraft:golden_apple":10,"minecraft:sand":18,"stalwart_dungeons:soul_bricks":54,"minecraft:blast_furnace":1,"stalwart_dungeons:nether_hammer":14,"minecraft:stone_button":1,"minecraft:lectern":5,"minecraft:diamond_sword":195,"minecraft:smithing_table":2,"iceandfire:dragonegg_silver":1,"minecraft:oak_boat":7,"vanillaplustools:diamond_shovel":28,"minecraft:enchanting_table":2,"quark:dark_oak_bookshelf":16,"born_in_chaos_v1:smoked_fish":2,"minecraft:netherrack":231,"minecraft:torch":108,"minecraft:anvil":2,"tombstone:decorative_tombstone":1,"tombstone:ankh_of_pray":12,"minecraft:iron_axe":142,"stalwart_dungeons:tungsten_axe":160,"iceandfire:armor_blue_boots":1,"minecraft:diamond_chestplate":1,"tombstone:gift":13,"torchmaster:megatorch":5,"minecraft:cobbled_deepslate":239,"minecraft:water_bucket":76,"minecraft:birch_planks":33,"quark:cobblestone_bricks":208,"minecraft:fletching_table":4,"minecraft:polished_blackstone_bricks":3,"minecraft:tnt":1,"minecraft:crafting_table":17,"minecraft:oak_slab":1,"supplementaries:bomb":10,"minecraft:birch_sign":27,"minecraft:spruce_log":145,"mowziesmobs:wrought_axe":2,"minecraft:diamond_pickaxe":1864,"quark:pickarang":51,"minecraft:iron_pickaxe":360,"tombstone:magic_scroll":6,"quark:nether_wart_sack":1,"minecraft:spruce_sapling":20,"enchantinginfuser:enchanting_infuser":1,"minecraft:cobblestone":2351,"vanillaplustools:iron_hammer":784,"minecraft:cooked_porkchop":17,"minecraft:glass_pane":48,"quark:oak_chest":2,"minecraft:kelp":61,"minecraft:diamond_leggings":1,"quark:ancient_tome":2,"minecraft:iron_shovel":18,"tombstone:dark_marble":1,"minecraft:diamond_hoe":256,"minecraft:shield":30,"minecraft:iron_sword":64,"minecraft:nether_wart":3,"minecraft:mutton":1,"minecraft:nether_bricks":90,"minecraft:tuff":9,"enchantinginfuser:advanced_enchanting_infuser":1,"minecraft:glass":2,"born_in_chaos_v1:corpse_maggot":8,"minecraft:lantern":2,"iceandfire:armor_silver_metal_leggings":1,"minecraft:mossy_cobblestone_slab":1,"minecraft:stone_bricks":7,"minecraft:skeleton_skull":1,"minecraft:diamond_boots":1,"minecraft:wither_skeleton_skull":1,"minecraft:oak_planks":81,"minecraft:diamond_axe":902,"minecraft:white_wool":2,"vanillaplustools:diamond_hammer":6112,"iceandfire:podium_spruce":1,"alexscaves:cave_book":2,"minecraft:stone_brick_wall":2,"minecraft:shears":2,"iceandfire:dragonbone_sword":608,"minecraft:melon_slice":7,"minecraft:bread":14,"minecraft:gravel":3,"ecologics:coconut_slice":3,"iceandfire:dragon_skull_fire":4,"minecraft:cooked_rabbit":2,"minecraft:bone_meal":15,"minecraft:cobweb":8,"quark:birch_chest":9,"minecraft:flint_and_steel":64,"minecraft:spruce_planks":6,"minecraft:dirt":5,"minecraft:hopper":8,"iceandfire:pixie_dust":1,"minecraft:cobblestone_wall":24,"iceandfire:armor_silver_metal_helmet":1,"minecraft:granite":3,"minecraft:spruce_fence":22,"mowziesmobs:wrought_helmet":1,"minecraft:golden_carrot":155,"minecraft:soul_soil":1,"minecraft:infested_cobblestone":20,"minecraft:cooked_beef":20,"minecraft:enchanted_golden_apple":1,"minecraft:cooked_mutton":7,"iceandfire:fire_dragon_flesh":1,"minecraft:baked_potato":41,"minecraft:birch_boat":1,"luminousworld:ishstone":6,"minecraft:stonecutter":1,"minecraft:cobblestone_slab":5,"minecraft:smoker":2,"tombstone:bag_of_seeds":4,"iceandfire:dragonbone_bow":118,"minecraft:map":1,"minecraft:cracked_nether_bricks":1,"stalwart_dungeons:soul_tiles":1,"minecraft:stripped_crimson_hyphae":3,"minecraft:cobbled_deepslate_slab":18,"minecraft:bucket":86,"minecraft:yellow_bed":9,"alexsmobs:animal_dictionary":1,"minecraft:splash_potion":4},"minecraft:crafted":{"quark:birch_chest":16,"minecraft:birch_boat":1,"ecologics:walnut_planks":32,"minecraft:glass":21,"vanillaplustools:iron_hammer":1,"minecraft:diamond_leggings":1,"minecraft:melon_seeds":1,"minecraft:emerald":28,"enchantinginfuser:enchanting_infuser":1,"minecraft:spruce_door":3,"minecraft:fletching_table":1,"quark:oak_chest":2,"minecraft:iron_pickaxe":9,"minecraft:iron_block":54,"hangglider:glider_framework":1,"minecraft:diamond_hoe":1,"minecraft:bone_meal":111,"hangglider:glider_wing":2,"minecraft:spruce_fence":24,"minecraft:spruce_slab":528,"minecraft:diamond_boots":1,"minecraft:redstone_block":15,"iceandfire:dragonbone_sword":1,"minecraft:enchanted_book":21,"stalwart_dungeons:tungsten_shield":1,"tombstone:grave_plate":1,"minecraft:oak_planks":224,"minecraft:cobblestone_slab":6,"iceandfire:armor_blue_helmet":2,"hangglider:hang_glider":1,"minecraft:stone":7,"tombstone:decorative_tombstone":1,"minecraft:hopper":9,"minecraft:bow":1,"minecraft:raw_iron_block":40,"born_in_chaos_v1:smoked_fish":2,"minecraft:crafting_table":13,"minecraft:spruce_planks":336,"minecraft:baked_potato":19,"luminousworld:ironhammer":1,"minecraft:gold_block":12,"quark:nether_wart_sack":1,"minecraft:birch_planks":248,"iceandfire:armor_blue_leggings":1,"minecraft:diamond_pickaxe":1,"minecraft:stick":200,"minecraft:iron_ingot":187,"minecraft:shears":1,"minecraft:cobbled_deepslate_slab":18,"minecraft:raw_iron":45,"iceandfire:armor_blue_chestplate":1,"minecraft:furnace":9,"minecraft:glass_pane":48,"supplementaries:bomb":8,"minecraft:cobblestone_wall":30,"minecraft:birch_sign":21,"stalwart_dungeons:tungsten_ingot":24,"tombstone:ankh_of_pray":1,"minecraft:bucket":12,"minecraft:air":0,"minecraft:oak_boat":4,"tombstone:dark_marble":5,"minecraft:anvil":2,"minecraft:torch":32,"minecraft:crying_obsidian":1,"minecraft:lapis_block":26,"minecraft:diamond_chestplate":1},"minecraft:killed":{"illagerinvasion:archivist":4,"luminousworld:miner_zombie":1,"minecraft:cave_spider":14,"born_in_chaos_v1:mr_pumpkin":3,"born_in_chaos_v1:restless_spirit":2,"born_in_chaos_v1:zombie_lumberjack":1,"born_in_chaos_v1:skeleton_demoman":2,"born_in_chaos_v1:sir_the_headless":1,"iceandfire:gorgon":1,"luminousworld:fawn":2,"born_in_chaos_v1:siamese_skeletonsright":2,"illagerinvasion:basher":1,"born_in_chaos_v1:baby_skeleton_minion":3,"creeperoverhaul:dripstone_creeper":1,"minecraft:skeleton":317,"friendsandfoes:glare":2,"luminousworld:dark_oak_skeleton":6,"minecraft:fox":1,"minecraft:chicken":4,"born_in_chaos_v1:skeleton_thrasher":2,"ecologics:coconut_crab":4,"creeperoverhaul:cave_creeper":1,"enemyexpansion:vampflyer":2,"illagerinvasion:necromancer":1,"minecraft:magma_cube":6,"stalwart_dungeons:giddy_blaze":246,"alexsmobs:seal":1,"undead_revamp2:theheavy":1,"luminousworld:crab":2,"minecraft:zombie":626,"stalwart_dungeons:incomplete_wither":7,"enemyexpansion:vampire":1,"born_in_chaos_v1:corpse_fly":24,"enemyexpansion:botfly":238,"enemyexpansion:trollenraged":1,"minecraft:cow":5,"minecraft:evoker":1,"undead_revamp2:theimmortal":4,"minecraft:vindicator":6,"illagerinvasion:marauder":3,"quark:toretoise":2,"alexsmobs:seagull":1,"undead_revamp2:bomber":1,"naturalist:duck":2,"luminousworld:yellow_swallowtail":1,"born_in_chaos_v1:pumpkinhead":1,"enemyexpansion:faller":3,"enemyexpansion:silverqueen":2,"alexsmobs:underminer":1,"earthmobsmod:albino_cow":5,"minecraft:husk":19,"earthmobsmod:bouldering_zombie":5,"undead_revamp2:the_moonflower":9,"enemyexpansion:sprinter":8,"minecraft:frog":1,"born_in_chaos_v1:decrepit_skeleton":9,"stalwart_dungeons:nether_keeper":1,"born_in_chaos_v1:bloody_gadfly":1,"undead_revamp2:thesomnolence":4,"endermanoverhaul:cave_enderman":1,"iceandfire:ghost":2,"born_in_chaos_v1:dark_vortex":1,"quark:wraith":2,"minecraft:witch":3,"minecraft:zombified_piglin":12,"minecraft:spider":9,"undead_revamp2:thesmoker":1,"quark:forgotten":1,"naturalist:snail":1,"illagerinvasion:provoker":3,"minecraft:silverfish":58,"undead_revamp2:therod":3,"minecraft:piglin_brute":5,"artifacts:mimic":2,"minecraft:piglin":6,"born_in_chaos_v1:bonescaller":3,"minecraft:pig":9,"quark:stoneling":1,"born_in_chaos_v1:diamond_termite":17,"minecraft:zombie_villager":4,"undead_revamp2:thebeartamer":1,"illagerinvasion:alchemist":1,"minecraft:creeper":10,"alexsmobs:crimson_mosquito":2,"minecraft:sheep":7,"undead_revamp2:theordure":1,"born_in_chaos_v1:dread_hound":4,"alexsmobs:terrapin":1,"minecraft:ghast":2,"iceandfire:pixie":3,"luminousworld:dark_oak_zombie":6,"born_in_chaos_v1:siamese_skeletonsleft":2,"minecraft:blaze":7,"undead_revamp2:thegliter":2,"enemyexpansion:intruder":2,"luminousworld:sunken_skeleton":2,"minecraft:slime":1,"enemyexpansion:direwolf":6,"born_in_chaos_v1:zombie_bruiser":1,"born_in_chaos_v1:maggot":203,"undead_revamp2:coppertar":1,"naturalist:bass":1,"alexsmobs:soul_vulture":1,"minecraft:drowned":2,"born_in_chaos_v1:corpse_fish":3,"undead_revamp2:thehorrors":1,"undead_revamp2:sucker":1,"enemyexpansion:goblin":1,"born_in_chaos_v1:fallen_chaos_knight":1,"born_in_chaos_v1:felsteed":1,"luminousworld:spring_azure":1,"born_in_chaos_v1:swarmer":4,"born_in_chaos_v1:baby_skeleton":2,"stalwart_dungeons:reinforced_blaze":36,"quark:foxhound":2,"minecraft:bat":1,"born_in_chaos_v1:phantom_creeper_copy":2,"born_in_chaos_v1:decaying_zombie":1,"enemyexpansion:huntsman":4,"born_in_chaos_v1:nightmare_stalker":1,"minecraft:wither_skeleton":10,"enemyexpansion:slugger":4},"minecraft:killed_by":{"stalwart_dungeons:nether_keeper":8,"enemyexpansion:slugger":2,"minecraft:vindicator":1,"born_in_chaos_v1:pumpkinhead":3,"minecraft:zombie":6,"stalwart_dungeons:incomplete_wither":5,"enemyexpansion:invisicreeper":3,"takesapillage:clay_golem":1,"stalwart_dungeons:giddy_blaze":13,"enemyexpansion:direwolf":2,"iceandfire:ghost":1,"iceandfire:sea_serpent":2,"undead_revamp2:clogger":2,"minecraft:silverfish":1,"minecraft:cave_spider":2,"iceandfire:ice_dragon":13,"enemyexpansion:silverqueen":1,"stalwart_dungeons:reinforced_blaze":2,"iceandfire:fire_dragon":4,"minecraft:player":7,"enemyexpansion:equestrian":2,"mowziesmobs:ferrous_wroughtnaut":11,"iceandfire:gorgon":1},"minecraft:custom":{"minecraft:interact_with_crafting_table":101,"minecraft:open_barrel":36,"minecraft:leave_game":10,"minecraft:time_since_death":99845,"minecraft:damage_blocked_by_shield":2455,"minecraft:play_time":914447,"minecraft:deaths":99,"minecraft:jump":14653,"minecraft:enchant_item":27,"minecraft:interact_with_furnace":82,"minecraft:traded_with_villager":49,"minecraft:sleep_in_bed":13,"minecraft:damage_dealt":154959,"tombstone:undead_killed":1099,"minecraft:interact_with_smoker":16,"minecraft:use_cauldron":2,"minecraft:interact_with_smithing_table":3,"minecraft:interact_with_anvil":20,"minecraft:inspect_hopper":7,"minecraft:damage_dealt_absorbed":68,"minecraft:sneak_time":53932,"minecraft:interact_with_blast_furnace":21,"minecraft:total_world_time":914447,"tombstone:raider_killed":23,"minecraft:interact_with_stonecutter":4,"tombstone:pray_on_grave":1,"minecraft:time_since_rest":18161,"minecraft:swim_one_cm":443332,"minecraft:fly_one_cm":2954630,"minecraft:open_chest":699,"minecraft:fall_one_cm":458188,"minecraft:damage_resisted":2033,"minecraft:sprint_one_cm":2199270,"minecraft:drop":1719,"minecraft:play_noteblock":10,"minecraft:talked_to_villager":40,"minecraft:interact_with_brewingstand":2,"minecraft:walk_on_water_one_cm":369344,"tombstone:steal_effect":58,"minecraft:interact_with_loom":10,"minecraft:player_kills":15,"minecraft:crouch_one_cm":236306,"minecraft:mob_kills":2224,"minecraft:damage_dealt_resisted":6700,"minecraft:climb_one_cm":15012,"minecraft:walk_one_cm":2617578,"minecraft:walk_under_water_one_cm":170340,"minecraft:boat_one_cm":392301,"minecraft:damage_absorbed":587,"minecraft:damage_taken":2147483647,"minecraft:trigger_trapped_chest":1}},"DataVersion":3465}