{"stats":{"minecraft:crafted":{"mutantmonsters:mutant_skeleton_leggings":1,"quark:birch_chest":29,"minecraft:blaze_powder":2,"quark:dark_oak_bookshelf":27,"sophisticatedbackpacks:crafting_upgrade":1,"quark:deepslate_furnace":2,"minecraft:cooked_mutton":5,"minecraft:glass":64,"vanillaplustools:iron_hammer":9,"minecraft:diamond_helmet":1,"minecraft:diamond_leggings":1,"mutantmonsters:mutant_skeleton_boots":1,"vanillaplustools:diamond_shovel":1,"minecraft:glass_bottle":9,"stalwart_dungeons:tungsten_sword":1,"minecraft:cooked_porkchop":8,"minecraft:diamond_axe":1,"minecraft:sticky_piston":1,"minecraft:lectern":1,"quark:oak_chest":1,"minecraft:iron_pickaxe":73,"minecraft:iron_block":8,"minecraft:gold_ingot":173,"minecraft:netherite_ingot":11,"quark:pickarang":1,"iceandfire:stymphalian_feather_bundle":1,"sophisticatedbackpacks:stack_upgrade_tier_1":1,"minecraft:bone_meal":15,"luminousworld:white_oak_plank":28,"minecraft:spruce_slab":12,"minecraft:stone_pickaxe":1,"minecraft:diamond_boots":2,"luminousworld:cooked_venison":2,"minecraft:spruce_boat":2,"quark:spruce_chest":3,"minecraft:dark_oak_planks":172,"minecraft:wheat":117,"luminousworld:autumnplank":28,"minecraft:enchanting_table":1,"sophisticatedbackpacks:gold_backpack":1,"minecraft:enchanted_book":3,"minecraft:golden_apple":6,"minecraft:iron_shovel":21,"minecraft:iron_leggings":1,"minecraft:oak_planks":164,"minecraft:stone":1,"stalwart_dungeons:tungsten_helmet":1,"mutantmonsters:mutant_skeleton_arms":1,"minecraft:iron_boots":2,"minecraft:netherite_helmet":2,"minecraft:oak_button":1,"mutantmonsters:mutant_skeleton_rib_cage":1,"minecraft:stone_hoe":1,"minecraft:cauldron":1,"sophisticatedbackpacks:backpack":1,"minecraft:crafting_table":13,"minecraft:spruce_planks":124,"minecraft:iron_helmet":2,"minecraft:wooden_pickaxe":1,"minecraft:baked_potato":645,"minecraft:gold_block":5,"minecraft:birch_planks":410,"sophisticatedbackpacks:upgrade_base":3,"iceandfire:dragonbone_bow":1,"minecraft:string":16,"minecraft:iron_chestplate":2,"minecraft:paper":3,"minecraft:diamond_pickaxe":9,"minecraft:shield":1,"sophisticatedbackpacks:diamond_backpack":1,"minecraft:stick":496,"minecraft:iron_ingot":1727,"vanillaplustools:diamond_hammer":1,"sophisticatedbackpacks:advanced_pickup_upgrade":1,"minecraft:oak_door":3,"minecraft:redstone":9,"minecraft:raw_iron":459,"vanillaplustools:iron_shovel":2,"minecraft:furnace":10,"minecraft:piston":1,"minecraft:flint_and_steel":2,"minecraft:netherite_chestplate":2,"minecraft:iron_hoe":1,"minecraft:netherite_scrap":47,"quark:birch_bookshelf":14,"sophisticatedbackpacks:iron_backpack":1,"stalwart_dungeons:tungsten_ingot":38,"minecraft:cooked_beef":11,"minecraft:diamond_sword":1,"minecraft:iron_sword":2,"minecraft:nether_bricks":16,"minecraft:bucket":15,"minecraft:stone_axe":1,"minecraft:air":0,"minecraft:bread":69,"minecraft:oak_boat":2,"sophisticatedbackpacks:pickup_upgrade":1,"quark:spruce_bookshelf":1,"stalwart_dungeons:tungsten_chestplate":1,"iceandfire:stymphalian_bird_dagger":1,"minecraft:acacia_planks":4,"minecraft:torch":296,"minecraft:diamond_chestplate":1},"minecraft:killed_by":{"minecraft:piglin_brute":1,"minecraft:pillager":1,"stalwart_dungeons:nether_keeper":14,"mutantmonsters:mutant_creeper":1,"born_in_chaos_v1:pumpkinhead":2,"minecraft:zombie":6,"enemyexpansion:vampflyer":1,"stalwart_dungeons:incomplete_wither":4,"enemyexpansion:invisicreeper":5,"undead_revamp2:thegliter":1,"stalwart_dungeons:giddy_blaze":19,"enemyexpansion:botfly":1,"enemyexpansion:direwolf":2,"undead_revamp2:thebeartamer":1,"minecraft:ghast":1,"quark:forgotten":1,"born_in_chaos_v1:corpse_fly":1,"undead_revamp2:clogger":2,"minecraft:piglin":2,"undead_revamp2:bomber":1,"minecraft:cave_spider":2,"iceandfire:ice_dragon":15,"mutantmonsters:creeper_minion":1,"stalwart_dungeons:reinforced_blaze":2,"iceandfire:fire_dragon":2,"minecraft:player":10,"enemyexpansion:trollenraged":1,"undead_revamp2:thehunter":1,"mowziesmobs:ferrous_wroughtnaut":8,"iceandfire:gorgon":1,"minecraft:skeleton":5},"minecraft:used":{"minecraft:spruce_slab":6,"iceandfire:dragon_skull_ice":1,"minecraft:red_nether_brick_stairs":1,"minecraft:stone":1,"minecraft:rotten_flesh":4,"minecraft:soul_sand":31,"born_in_chaos_v1:soul_cutlass":1,"minecraft:spruce_boat":5,"minecraft:lava_bucket":94,"supplementaries:bomb_blue":2,"minecraft:bow":17,"minecraft:sweet_berries":51,"minecraft:furnace":11,"minecraft:potato":399,"luminousworld:autumnplank":30,"minecraft:diorite":27,"iceandfire:troll_weapon_trunk":1,"minecraft:blackstone":100,"minecraft:wooden_pickaxe":8,"iceandfire:stymphalian_bird_dagger":8,"minecraft:cookie":4,"minecraft:golden_apple":6,"minecraft:glow_berries":2,"stalwart_dungeons:soul_bricks":12,"minecraft:lectern":28,"minecraft:diamond_sword":1228,"minecraft:oak_boat":9,"vanillaplustools:diamond_shovel":3,"minecraft:enchanting_table":1,"quark:dark_oak_bookshelf":19,"minecraft:netherrack":1093,"minecraft:torch":394,"earthmobsmod:harder_flesh":2,"minecraft:brewing_stand":2,"iceandfire:copper_sword":4,"ecologics:seashell":1,"minecraft:iron_axe":240,"stalwart_dungeons:tungsten_axe":1,"minecraft:basalt":206,"luminousworld:raw_venison":2,"minecraft:blaze_rod":1,"tombstone:gift":11,"torchmaster:megatorch":2,"minecraft:cobbled_deepslate":604,"minecraft:acacia_planks":4,"minecraft:pointed_dripstone":6,"minecraft:wheat_seeds":87,"minecraft:water_bucket":90,"minecraft:birch_planks":6,"luminousworld:white_oak_plank":2,"minecraft:cauldron":6,"minecraft:polished_blackstone_bricks":89,"minecraft:mossy_cobblestone":2,"minecraft:tnt":4,"minecraft:crafting_table":31,"supplementaries:bomb":4,"minecraft:white_bed":3,"minecraft:spruce_log":6,"mowziesmobs:wrought_axe":2,"minecraft:diamond_pickaxe":903,"minecraft:iron_pickaxe":573,"quark:pickarang":10,"minecraft:oak_button":1,"tombstone:magic_scroll":35,"stalwart_dungeons:tungsten_sword":602,"minecraft:cobblestone":537,"minecraft:potion":5,"vanillaplustools:iron_hammer":2017,"minecraft:cooked_porkchop":8,"tombstone:scroll_of_unstable_intangibility":4,"quark:ancient_tome":1,"minecraft:iron_shovel":148,"minecraft:shield":45,"minecraft:nether_wart":2,"minecraft:iron_sword":267,"luminousworld:cooked_venison":1,"minecraft:nether_bricks":60,"minecraft:carrot":12,"minecraft:tuff":41,"minecraft:obsidian":40,"vanillaplustools:iron_shovel":501,"born_in_chaos_v1:corpse_maggot":13,"quark:deepslate_furnace":2,"minecraft:lantern":7,"minecraft:stone_bricks":42,"quark:birch_bookshelf":14,"minecraft:oak_planks":8,"minecraft:stone_pickaxe":66,"minecraft:diamond_axe":278,"minecraft:ender_pearl":1,"vanillaplustools:diamond_hammer":8281,"alexscaves:cave_book":2,"minecraft:bread":69,"minecraft:string":2,"tombstone:grave_key":32,"minecraft:gravel":20,"iceandfire:ice_dragon_flesh":2,"quark:soul_bead":1,"ecologics:coconut_slice":7,"born_in_chaos_v1:rotten_fish":1,"minecraft:andesite":8,"minecraft:bone_meal":111,"minecraft:experience_bottle":1,"quark:birch_chest":37,"minecraft:flint_and_steel":66,"minecraft:spruce_planks":1,"minecraft:oak_door":5,"minecraft:stone_hoe":14,"minecraft:dirt":207,"minecraft:iron_hoe":212,"quark:spruce_chest":2,"alexscaves:spelunkery_table":2,"minecraft:golden_carrot":33,"minecraft:soul_soil":27,"minecraft:cooked_beef":15,"minecraft:beetroot_soup":1,"minecraft:enchanted_golden_apple":1,"minecraft:turtle_egg":1,"minecraft:cooked_mutton":7,"iceandfire:fire_dragon_flesh":2,"tombstone:scroll_of_knowledge":5,"minecraft:glass_bottle":9,"minecraft:baked_potato":309,"minecraft:red_nether_bricks":2,"tombstone:bag_of_seeds":2,"minecraft:apple":5,"iceandfire:dragonbone_bow":940,"minecraft:cracked_polished_blackstone_bricks":33,"minecraft:map":1,"minecraft:cracked_nether_bricks":1,"minecraft:stone_axe":72,"stalwart_dungeons:soul_tiles":6,"minecraft:bucket":230,"minecraft:yellow_bed":1,"minecraft:splash_potion":5},"minecraft:mined":{"minecraft:white_bed":3,"minecraft:red_nether_bricks":52,"minecraft:obsidian":49,"minecraft:granite":125,"minecraft:red_sand":21,"minecraft:stone_brick_wall":4,"minecraft:crimson_trapdoor":2,"born_in_chaos_v1:dark_metal_deposit":1,"minecraft:brown_wool":2,"minecraft:oxeye_daisy":1,"minecraft:nether_wart":13,"minecraft:chiseled_stone_bricks":6,"minecraft:spawner":3,"minecraft:weeping_vines_plant":1,"minecraft:polished_blackstone_bricks":244,"quark:birch_bookshelf":14,"minecraft:magma_block":63,"minecraft:fire":47,"minecraft:cobbled_deepslate":41,"minecraft:deepslate_lapis_ore":10,"minecraft:nether_brick_stairs":25,"minecraft:twisting_vines":1,"minecraft:water_cauldron":1,"placeablesmod:empty_bucket_block":1,"iceandfire:gold_pile":26,"minecraft:cave_vines":3,"stalwart_dungeons:soul_magma_bricks":1,"minecraft:small_amethyst_bud":6,"minecraft:oak_stairs":1,"quark:red_corundum_cluster":1,"minecraft:piston_head":2,"minecraft:kelp_plant":3,"minecraft:crimson_nylium":2,"minecraft:soul_fire":28,"born_in_chaos_v1:infected_deepslate_diamond_ore":32,"minecraft:torch":35,"minecraft:blast_furnace":1,"minecraft:nether_brick_slab":4,"minecraft:smooth_quartz_slab":2,"minecraft:sugar_cane":11,"minecraft:amethyst_block":12,"minecraft:cyan_wool":2,"ecologics:seashell":1,"minecraft:mud":4,"minecraft:wheat":91,"minecraft:lilac":1,"minecraft:black_bed":1,"minecraft:grass":62,"quark:birch_chest":8,"minecraft:smooth_quartz":8,"luminousworld:grassvariant_3":7,"stalwart_dungeons:pusher":8,"minecraft:smooth_basalt":2,"minecraft:stonecutter":1,"minecraft:deepslate":10495,"quark:red_corundum":1,"iceandfire:silver_ore":6,"minecraft:mossy_cobblestone":13,"stalwart_dungeons:soul_bricks":30,"minecraft:nether_brick_wall":4,"minecraft:dark_oak_log":45,"minecraft:sea_lantern":1,"minecraft:nether_bricks":410,"born_in_chaos_v1:black_argillite":11,"placeablesmod:gold_nugget_block":1,"minecraft:redstone_wire":1,"luminousworld:grassvariant_2":14,"minecraft:moss_block":2,"minecraft:kelp":1,"minecraft:redstone_ore":3,"minecraft:andesite":164,"iceandfire:chared_gravel":2,"minecraft:potatoes":285,"minecraft:vine":1,"minecraft:smooth_quartz_stairs":8,"minecraft:oak_slab":2,"minecraft:gray_concrete":8,"minecraft:glass_pane":1,"minecraft:chiseled_nether_bricks":1,"minecraft:soul_sand":157,"minecraft:stone_brick_slab":3,"minecraft:dandelion":5,"luminousworld:auburnlog":7,"luminousworld:grassflowers":1,"minecraft:copper_ore":25,"minecraft:tall_grass":14,"minecraft:deepslate_gold_ore":154,"minecraft:diorite":178,"stalwart_dungeons:tungsten_ore":15,"minecraft:warped_wart_block":6,"luminousworld:whiteoaklog":7,"minecraft:light_blue_bed":1,"minecraft:spruce_log":91,"minecraft:birch_leaves":9,"luminousworld:autumnplank":2,"quark:deepslate_furnace":1,"luminousworld:ishstone":123,"stalwart_dungeons:igniter":3,"minecraft:gravel":321,"minecraft:dripstone_block":31,"minecraft:cobweb":60,"quark:crimson_chest":1,"minecraft:stone_bricks":103,"minecraft:fern":2,"undead_revamp2:arapholia":2,"minecraft:large_amethyst_bud":4,"stalwart_dungeons:spore_vaporizer":7,"minecraft:spruce_planks":3,"minecraft:farmland":4,"minecraft:sculk_vein":27,"minecraft:cobblestone_stairs":1,"minecraft:potted_blue_orchid":1,"minecraft:brewing_stand":3,"minecraft:budding_amethyst":6,"minecraft:grass_block":631,"minecraft:cracked_polished_blackstone_bricks":112,"minecraft:soul_soil":78,"minecraft:frosted_ice":4,"minecraft:smooth_stone":1,"minecraft:raw_iron_block":16,"minecraft:glowstone":53,"minecraft:red_nether_brick_stairs":19,"minecraft:iron_ore":121,"minecraft:pointed_dripstone":1,"minecraft:iron_bars":1,"luminousworld:decorative_brown_2":1,"minecraft:spruce_slab":2,"quark:violet_corundum":1,"minecraft:deepslate_redstone_ore":58,"minecraft:cyan_terracotta":88,"minecraft:blackstone":1137,"supplementaries:book_pile":1,"luminousworld:purple_petunias":2,"minecraft:medium_amethyst_bud":2,"stalwart_dungeons:transient_block_close":2,"minecraft:clay":4,"stalwart_dungeons:soul_tiles":8,"iceandfire:dragon_ice_spikes":3,"minecraft:calcite":2,"minecraft:poppy":1,"luminousworld:spuds":4,"quark:blue_corundum_cluster":4,"minecraft:nether_quartz_ore":1043,"minecraft:cobblestone":116,"minecraft:oak_planks":2,"minecraft:wall_torch":24,"minecraft:warped_nylium":2,"minecraft:birch_log":173,"minecraft:tnt":2,"minecraft:oak_log":43,"minecraft:sand":142,"minecraft:dirt":1492,"minecraft:wither_skeleton_skull":1,"minecraft:ancient_debris":27,"minecraft:netherrack":44759,"minecraft:oak_leaves":12,"minecraft:nether_gold_ore":123,"alexscaves:spelunkery_table":1,"minecraft:tuff":2307,"luminousworld:grassvariant_4":4,"minecraft:deepslate_diamond_ore":75,"minecraft:oak_door":2,"born_in_chaos_v1:infected_diamond_ore":3,"minecraft:glow_lichen":1,"iceandfire:frozen_stone":2,"luminousworld:mossbuds_2":1,"minecraft:white_stained_glass":1,"minecraft:spruce_leaves":4,"luminousworld:white_oak_plank":1,"minecraft:cracked_nether_bricks":6,"luminousworld:groundpebbles_3":1,"minecraft:hay_block":13,"minecraft:spore_blossom":1,"minecraft:furnace":18,"minecraft:carrots":2,"minecraft:gold_block":18,"minecraft:nether_brick_fence":3,"minecraft:bookshelf":36,"minecraft:deepslate_iron_ore":783,"minecraft:stone":3898,"minecraft:podzol":4,"minecraft:flowering_azalea":1,"quark:blue_corundum":4,"minecraft:basalt":2337,"supplementaries:ashen_basalt":6,"minecraft:oak_fence":1,"minecraft:crafting_table":25,"minecraft:rose_bush":5,"minecraft:lectern":32,"minecraft:deepslate_coal_ore":8,"minecraft:lapis_ore":9,"minecraft:polished_blackstone_brick_stairs":2,"minecraft:sculk":117,"supplementaries:urn":78,"minecraft:gray_wool":2,"minecraft:beehive":1,"minecraft:sweet_berry_bush":13,"minecraft:ice":9,"minecraft:yellow_bed":1,"minecraft:coal_ore":232,"quark:monster_box":1,"minecraft:polished_andesite":1,"minecraft:red_nether_brick_slab":1,"quark:dark_oak_bookshelf":1},"minecraft:broken":{"mutantmonsters:mutant_skeleton_chestplate":1,"minecraft:iron_chestplate":1,"minecraft:iron_leggings":1,"vanillaplustools:iron_shovel":2,"mutantmonsters:mutant_skeleton_boots":1,"aether:iron_gloves":1,"minecraft:chainmail_helmet":1,"minecraft:shield":1,"minecraft:iron_axe":1,"minecraft:iron_pickaxe":1,"minecraft:iron_helmet":1,"vanillaplustools:iron_hammer":6,"mutantmonsters:mutant_skeleton_leggings":1,"iceandfire:armor_blue_leggings":1,"iceandfire:armor_blue_boots":1,"stalwart_dungeons:tungsten_helmet":1,"minecraft:flint_and_steel":1},"minecraft:picked_up":{"quark:diamond_heart":1,"minecraft:iron_chestplate":7,"minecraft:chainmail_boots":2,"minecraft:creeper_head":1,"minecraft:flower_pot":1,"minecraft:prismarine_shard":5,"minecraft:diamond_sword":17,"minecraft:oak_stairs":1,"artifacts:chorus_totem":1,"minecraft:brewing_stand":3,"minecraft:amethyst_block":12,"minecraft:string":96,"minecraft:soul_soil":64,"minecraft:red_nether_bricks":37,"minecraft:gold_nugget":1143,"minecraft:cobbled_deepslate":7168,"minecraft:spruce_planks":2,"luminousworld:auburnlog":7,"born_in_chaos_v1:shattered_skull":3,"vanillaplustools:iron_shovel":1,"minecraft:acacia_log":1,"minecraft:golden_axe":1,"minecraft:cauldron":1,"minecraft:rabbit_foot":1,"mutantmonsters:mutant_skeleton_pelvis":1,"stalwart_dungeons:soul_magma_bricks":1,"luminousworld:grassflowers":1,"luminousworld:yellow_grassflowers":2,"artifacts:villager_hat":2,"iceandfire:fire_dragon_heart":1,"minecraft:cyan_terracotta":75,"minecraft:glowstone":10,"supplementaries:ash":123,"minecraft:netherite_chestplate":1,"minecraft:blaze_rod":243,"minecraft:iron_bars":1,"minecraft:birch_log":171,"minecraft:magma_block":48,"minecraft:cooked_beef":5,"minecraft:water_bucket":6,"minecraft:brown_wool":2,"vanillaplustools:diamond_hammer":3,"minecraft:flint":39,"luminousworld:raw_venison":3,"luminousworld:purple_petunias":1,"minecraft:gray_concrete":6,"minecraft:lantern":7,"artifacts:shock_pendant":1,"minecraft:twisting_vines":2,"stalwart_dungeons:blaze_armor_scrap":19,"minecraft:stonecutter":1,"iceandfire:armor_blue_helmet":1,"quark:soul_bead":1,"minecraft:diamond_helmet":1,"minecraft:glowstone_dust":99,"minecraft:pitcher_pod":1,"iceandfire:dragon_skull_fire":1,"iceandfire:shiny_scales":2,"iceandfire:stymphalian_bird_feather":14,"sophisticatedbackpacks:iron_backpack":2,"mutantmonsters:mutant_skeleton_leggings":1,"minecraft:dark_oak_log":44,"minecraft:red_terracotta":14,"naturalist:duck_egg":1,"alexsmobs:animal_dictionary":1,"minecraft:bundle":9,"minecraft:iron_hoe":5,"stalwart_dungeons:spore_vaporizer":4,"luminousworld:yellowpetunias":1,"minecraft:granite":91,"iceandfire:dragonbone_bow":4,"minecraft:chainmail_helmet":5,"minecraft:bread":25,"iceandfire:troll_leather_forest":9,"iceandfire:gorgon_head":1,"born_in_chaos_v1:rotten_fish":2,"iceandfire:raw_silver":6,"minecraft:diamond_pickaxe":5,"luminousworld:groundpebbles_1":12,"minecraft:mud":1,"minecraft:crafting_table":23,"luminousworld:decorative_brown_2":1,"iceandfire:witherbone":15,"minecraft:nether_wart":28,"minecraft:clay_ball":3,"born_in_chaos_v1:seedof_chaos":2,"minecraft:leather_leggings":2,"iceandfire:dragonbone_arrow":241,"ecologics:seashell":1,"minecraft:iron_shovel":1,"supplementaries:bomb":4,"minecraft:cracked_stone_bricks":4,"minecraft:beef":17,"minecraft:iron_nugget":18,"minecraft:poppy":1,"minecraft:spruce_slab":4,"minecraft:birch_sapling":16,"minecraft:egg":1,"luminousworld:spuds":1,"minecraft:oak_door":2,"sophisticatedbackpacks:backpack":1,"stalwart_dungeons:tungsten_sword":2,"minecraft:fire_charge":2,"born_in_chaos_v1:pieceofdarkmetal":21,"minecraft:carrot":10,"minecraft:redstone":194,"iceandfire:armor_blue_boots":2,"minecraft:prismarine_crystals":4,"iceandfire:dragon_skull_ice":1,"minecraft:tnt":6,"luminousworld:decorative_brown_mushroom_1":2,"minecraft:diamond_boots":1,"minecraft:hay_block":13,"stalwart_dungeons:tungsten_axe":1,"minecraft:gold_ingot":60,"tombstone:essence_of_undeath":3,"minecraft:totem_of_undying":1,"sophisticatedbackpacks:copper_backpack":2,"minecraft:glow_berries":2,"minecraft:mutton":12,"minecraft:white_wool":14,"minecraft:bone_block":32,"minecraft:oxeye_daisy":1,"born_in_chaos_v1:monster_flesh":2,"iceandfire:sea_serpent_fang":3,"born_in_chaos_v1:pumpkin_staff":1,"luminousworld:ishstone":68,"minecraft:red_mushroom":4,"minecraft:filled_map":2,"mutantmonsters:mutant_skeleton_chestplate":1,"minecraft:oak_log":44,"minecraft:ancient_debris":87,"mowziesmobs:wrought_axe":1,"mutantmonsters:mutant_skeleton_limb":8,"vanillaplustools:iron_hammer":1,"minecraft:paper":2,"tombstone:gift":1,"born_in_chaos_v1:soul_cutlass":1,"minecraft:apple":1,"minecraft:stone_bricks":80,"minecraft:kelp":50,"minecraft:cobweb":8,"tombstone:bag_of_seeds":2,"minecraft:glass_bottle":4,"minecraft:iron_sword":7,"iceandfire:copper_nugget":6,"minecraft:smooth_basalt":2,"minecraft:sweet_berries":34,"born_in_chaos_v1:ethereal_spirit":2,"minecraft:cracked_nether_bricks":3,"minecraft:gravel":262,"iceandfire:armor_blue_leggings":3,"minecraft:spruce_sapling":10,"minecraft:spruce_log":89,"minecraft:crying_obsidian":3,"quark:blue_corundum_cluster":12,"minecraft:slime_ball":2,"tombstone:scroll_of_knowledge":1,"minecraft:diamond_axe":5,"minecraft:gray_wool":2,"iceandfire:ice_dragon_flesh":2,"minecraft:red_nether_brick_slab":1,"minecraft:baked_potato":63,"minecraft:melon_seeds":4,"quark:blue_corundum":4,"minecraft:smooth_quartz_slab":2,"minecraft:ender_pearl":2,"minecraft:wheat":92,"minecraft:black_carpet":2,"illagerinvasion:platinum_chunk":4,"minecraft:nether_brick_fence":1,"supplementaries:bomb_blue":1,"alexscaves:cave_tablet":2,"minecraft:turtle_egg":1,"minecraft:potion":4,"minecraft:gilded_blackstone":3,"minecraft:nether_brick":563,"tombstone:grave_key":1,"born_in_chaos_v1:black_argillite":4,"mutantmonsters:mutant_skeleton_skull":1,"minecraft:raw_copper":138,"minecraft:iron_leggings":4,"minecraft:experience_bottle":1,"minecraft:zombie_head":5,"stalwart_dungeons:tungsten_helmet":1,"minecraft:red_sand":1,"minecraft:bucket":2,"minecraft:rose_bush":1,"minecraft:calcite":2,"minecraft:smooth_quartz":7,"minecraft:iron_pickaxe":2,"minecraft:smooth_quartz_stairs":8,"minecraft:iron_boots":7,"minecraft:furnace":17,"minecraft:tipped_arrow":1,"minecraft:stick":42,"born_in_chaos_v1:phantom_powder":4,"minecraft:torch":149,"minecraft:porkchop":13,"aether:golden_gloves":2,"tombstone:grave_dust":58,"minecraft:pointed_dripstone":3,"minecraft:diorite":130,"born_in_chaos_v1:nightmare_claw":1,"quark:ancient_tome":3,"minecraft:rotten_flesh":238,"quark:violet_corundum_cluster":1,"supplementaries:antique_ink":6,"mutantmonsters:mutant_skeleton_shoulder_pad":2,"minecraft:obsidian":46,"undead_revamp2:arapholia":2,"minecraft:cod":1,"minecraft:blaze_powder":5,"minecraft:cobblestone":3557,"ecologics:walnut":1,"minecraft:leather_chestplate":2,"minecraft:lilac":1,"minecraft:magma_cream":16,"minecraft:andesite":202,"minecraft:black_bed":1,"minecraft:golden_leggings":1,"minecraft:potato":973,"alexscaves:cave_book":1,"minecraft:tuff":1383,"supplementaries:flax_seeds":5,"minecraft:horn_coral":1,"minecraft:wither_skeleton_skull":1,"minecraft:lapis_lazuli":114,"minecraft:dirt":1712,"minecraft:name_tag":2,"born_in_chaos_v1:monster_skin":7,"minecraft:leather_boots":2,"minecraft:bone":286,"minecraft:bow":7,"minecraft:wheat_seeds":426,"minecraft:raw_gold":301,"minecraft:cobbled_deepslate_slab":2,"stalwart_dungeons:tungsten_shield":3,"minecraft:mossy_stone_bricks":4,"minecraft:oak_planks":18,"minecraft:ghast_tear":6,"minecraft:cooked_porkchop":1,"minecraft:poisonous_potato":2,"torchmaster:megatorch":2,"earthmobsmod:harder_flesh":2,"minecraft:sand":136,"minecraft:nether_brick_stairs":9,"quark:red_corundum":1,"minecraft:spectral_arrow":24,"minecraft:mossy_cobblestone":13,"minecraft:sugar":2,"minecraft:diamond":162,"minecraft:spruce_boat":3,"minecraft:netherite_helmet":1,"minecraft:cracked_polished_blackstone_bricks":101,"minecraft:grass":2,"minecraft:emerald":97,"minecraft:oak_sapling":6,"minecraft:netherrack":31948,"quark:crimson_chest":1,"born_in_chaos_v1:diamond_termite_shard":29,"minecraft:allium":2,"minecraft:brown_mushroom":5,"minecraft:stone_brick_wall":2,"minecraft:gold_block":15,"iceandfire:frozen_cobblestone":13,"stalwart_dungeons:soul_bricks":24,"minecraft:chain":1,"minecraft:moss_carpet":11,"iceandfire:frozen_stone":24,"minecraft:iron_axe":7,"minecraft:item_frame":1,"minecraft:blackstone":801,"minecraft:blue_orchid":1,"minecraft:oak_boat":7,"minecraft:lectern":28,"minecraft:sugar_cane":18,"luminousworld:white_oak_plank":1,"minecraft:raw_iron":1768,"iceandfire:dragonbone":37,"iceandfire:troll_tusk":2,"quark:violet_corundum":1,"ecologics:coconut_slice":8,"minecraft:copper_ingot":5,"stalwart_dungeons:ancient_fire":1,"endrem:nether_eye":1,"minecraft:polished_blackstone_bricks":235,"quark:deepslate_furnace":1,"minecraft:cookie":10,"minecraft:stone_button":4,"quark:birch_chest":8,"luminousworld:beastiary":1,"born_in_chaos_v1:charmof_endurance":1,"minecraft:iron_horse_armor":2,"minecraft:weeping_vines":2,"minecraft:arrow":113,"iceandfire:sea_serpent_scales_purple":2,"iceandfire:cyclops_eye":1,"stalwart_dungeons:raw_tungsten":13,"minecraft:nether_bricks":71,"alexscaves:spelunkery_table":2,"mutantmonsters:mutant_skeleton_rib":6,"minecraft:nether_brick_wall":4,"iceandfire:troll_weapon_trunk":1,"minecraft:skeleton_skull":1,"born_in_chaos_v1:fused_bone":2,"born_in_chaos_v1:corpse_maggot":64,"minecraft:air":0,"minecraft:basalt":1605,"minecraft:golden_carrot":19,"artifacts:digging_claws":3,"minecraft:glow_ink_sac":12,"minecraft:leather":37,"minecraft:music_disc_stal":1,"minecraft:chainmail_chestplate":3,"iceandfire:ectoplasm":1,"minecraft:yellow_bed":1,"minecraft:gunpowder":56,"minecraft:cobblestone_stairs":1,"tombstone:voodoo_poppet":2,"quark:forgotten_hat":2,"minecraft:cooked_mutton":2,"minecraft:red_nether_brick_stairs":17,"minecraft:gray_carpet":17,"minecraft:red_sandstone":77,"stalwart_dungeons:pusher":1,"minecraft:rabbit_hide":5,"minecraft:iron_ingot":49,"luminousworld:autumnplank":2,"luminousworld:white_petunias":1,"iceandfire:fire_dragon_flesh":4,"minecraft:soul_sand":142,"sophisticatedbackpacks:diamond_backpack":1,"minecraft:book":415,"minecraft:oak_slab":2,"luminousworld:clovers_1":20,"quark:red_corundum_cluster":3,"minecraft:chiseled_stone_bricks":6,"minecraft:dandelion":4,"minecraft:raw_iron_block":10,"stalwart_dungeons:tungsten_ingot":21,"minecraft:quartz":1593,"minecraft:dripstone_block":22,"minecraft:lava_bucket":1,"stalwart_dungeons:soul_tiles":6,"mowziesmobs:wrought_helmet":2,"minecraft:blast_furnace":1,"minecraft:white_bed":3,"minecraft:nether_brick_slab":3,"artifacts:scarf_of_invisibility":3,"minecraft:spider_eye":11,"minecraft:mossy_stone_brick_slab":1,"luminousworld:whiteoaklog":7,"minecraft:pumpkin_seeds":1,"minecraft:chainmail_leggings":2,"minecraft:iron_helmet":4,"mutantmonsters:mutant_skeleton_boots":1,"tombstone:magic_scroll":7,"minecraft:damaged_anvil":2,"minecraft:coal":473},"minecraft:dropped":{"sophisticatedbackpacks:iron_backpack":1,"quark:pickarang":1,"minecraft:iron_sword":8,"iceandfire:raw_silver":4,"minecraft:lapis_lazuli":50,"quark:blue_corundum":4,"minecraft:red_sandstone":77,"minecraft:glass_bottle":3,"minecraft:diamond":41,"minecraft:crafting_table":3,"minecraft:cooked_porkchop":1,"artifacts:shock_pendant":1,"minecraft:pitcher_pod":1,"minecraft:weeping_vines":2,"minecraft:cookie":1,"minecraft:glow_berries":13,"quark:violet_corundum":1,"iceandfire:ectoplasm":1,"minecraft:cracked_stone_bricks":4,"born_in_chaos_v1:pieceofdarkmetal":13,"born_in_chaos_v1:nightmare_claw":1,"minecraft:rail":28,"stalwart_dungeons:spore_bottle":1,"minecraft:red_mushroom":4,"minecraft:item_frame":1,"minecraft:emerald":13,"minecraft:gray_concrete":6,"born_in_chaos_v1:monster_flesh":2,"minecraft:dirt":40,"minecraft:grass":2,"supplementaries:rope":32,"born_in_chaos_v1:phantom_powder":4,"minecraft:stone_button":3,"minecraft:chain":1,"minecraft:gold_nugget":774,"minecraft:bone_block":20,"minecraft:sand":30,"minecraft:sugar":2,"minecraft:iron_pickaxe":2,"vanillaplustools:iron_hammer":3,"minecraft:music_disc_stal":1,"minecraft:white_wool":13,"minecraft:bone":548,"quark:ancient_tome":2,"minecraft:oak_door":1,"minecraft:note_block":7,"minecraft:sugar_cane":10,"minecraft:iron_nugget":7,"luminousworld:white_oak_plank":27,"minecraft:cobbled_deepslate":4544,"alexsmobs:animal_dictionary":2,"minecraft:nether_brick":398,"minecraft:black_carpet":2,"minecraft:wheat":2,"minecraft:obsidian":2,"undead_revamp2:arapholia":2,"tombstone:gift":1,"minecraft:rotten_flesh":836,"minecraft:oak_planks":14,"minecraft:glowstone_dust":68,"minecraft:blaze_powder":10,"minecraft:nether_brick_fence":1,"minecraft:rabbit_foot":1,"supplementaries:flax_seeds":5,"luminousworld:grassflowers":2,"minecraft:tipped_arrow":3,"alexscaves:cave_book":1,"minecraft:hopper":5,"minecraft:leather_boots":1,"minecraft:leather_leggings":1,"mutantmonsters:mutant_skeleton_arms":1,"minecraft:spruce_slab":6,"minecraft:red_nether_bricks":35,"minecraft:crying_obsidian":3,"minecraft:lectern":1,"minecraft:egg":1,"minecraft:iron_ingot":10,"minecraft:enchanted_book":3,"born_in_chaos_v1:shattered_skull":2,"minecraft:wheat_seeds":334,"luminousworld:ishstone":69,"minecraft:smooth_quartz_stairs":8,"minecraft:dripstone_block":22,"minecraft:cobblestone":1589,"minecraft:iron_helmet":1,"minecraft:feather":2,"minecraft:prismarine_crystals":4,"minecraft:book":11,"minecraft:granite":91,"born_in_chaos_v1:soul_cutlass":1,"minecraft:chainmail_helmet":5,"minecraft:coal":34,"minecraft:golden_apple":6,"minecraft:oxeye_daisy":1,"minecraft:cobweb":16,"stalwart_dungeons:soul_bricks":12,"minecraft:gray_wool":2,"born_in_chaos_v1:black_argillite":4,"minecraft:golden_carrot":2,"iceandfire:copper_nugget":6,"minecraft:rose_bush":1,"minecraft:potion":3,"minecraft:oak_stairs":1,"mowziesmobs:wrought_helmet":1,"minecraft:mud":1,"minecraft:iron_shovel":8,"minecraft:string":106,"artifacts:digging_claws":1,"iceandfire:dragon_skull_fire":1,"minecraft:gray_carpet":17,"minecraft:spruce_sapling":14,"iceandfire:frozen_cobblestone":13,"vanillaplustools:diamond_hammer":4,"minecraft:furnace":16,"minecraft:creeper_head":1,"minecraft:moss_carpet":11,"minecraft:soul_soil":37,"quark:blue_corundum_cluster":12,"minecraft:bowl":1,"quark:red_corundum_cluster":3,"minecraft:experience_bottle":1,"born_in_chaos_v1:rotten_fish":1,"iceandfire:troll_leather_forest":4,"minecraft:clay_ball":3,"minecraft:iron_boots":5,"sophisticatedbackpacks:backpack":2,"minecraft:damaged_anvil":2,"minecraft:name_tag":2,"minecraft:nether_bricks":25,"minecraft:pumpkin_seeds":1,"minecraft:diamond_sword":4,"minecraft:potato":2,"mutantmonsters:mutant_skeleton_rib_cage":1,"minecraft:flower_pot":1,"ecologics:walnut":1,"minecraft:allium":2,"minecraft:spruce_planks":5,"minecraft:bundle":5,"minecraft:diamond_pickaxe":6,"quark:birch_chest":2,"minecraft:yellow_bed":1,"iceandfire:dragonbone_arrow":110,"mutantmonsters:mutant_skeleton_leggings":1,"minecraft:spider_eye":10,"minecraft:stone_bricks":31,"sophisticatedbackpacks:copper_backpack":1,"minecraft:blue_orchid":1,"minecraft:bow":4,"minecraft:magma_block":52,"iceandfire:sea_serpent_fang":3,"vanillaplustools:diamond_shovel":1,"mutantmonsters:mutant_skeleton_skull":1,"minecraft:nether_brick_stairs":9,"minecraft:soul_sand":111,"minecraft:brown_mushroom":4,"minecraft:birch_planks":4,"stalwart_dungeons:soul_magma_bricks":1,"minecraft:diamond_axe":1,"minecraft:oak_log":3,"minecraft:baked_potato":142,"quark:deepslate_furnace":1,"minecraft:ender_pearl":1,"luminousworld:spuds":1,"minecraft:red_nether_brick_slab":1,"iceandfire:fire_dragon_flesh":2,"minecraft:leather":22,"minecraft:chest_minecart":2,"minecraft:iron_horse_armor":1,"stalwart_dungeons:tungsten_shield":3,"iceandfire:gorgon_head":1,"minecraft:flint":16,"minecraft:music_disc_13":1,"minecraft:cod":1,"minecraft:cobblestone_stairs":1,"minecraft:cyan_terracotta":75,"minecraft:cracked_polished_blackstone_bricks":70,"quark:violet_corundum_cluster":1,"tombstone:bag_of_seeds":5,"iceandfire:sea_serpent_scales_purple":2,"minecraft:mutton":3,"iceandfire:armor_blue_helmet":1,"minecraft:gilded_blackstone":3,"minecraft:polished_blackstone_bricks":150,"minecraft:birch_log":2,"luminousworld:decorative_brown_2":1,"minecraft:gold_ingot":32,"minecraft:gravel":177,"minecraft:blackstone":674,"minecraft:twisting_vines":2,"minecraft:pointed_dripstone":2,"artifacts:villager_hat":1,"luminousworld:cooked_venison":1,"iceandfire:frozen_stone":24,"minecraft:mossy_stone_brick_slab":1,"quark:crimson_chest":1,"artifacts:chorus_totem":1,"minecraft:carrot":3,"supplementaries:antique_ink":3,"minecraft:chainmail_chestplate":2,"minecraft:chiseled_stone_bricks":6,"minecraft:poppy":1,"minecraft:rabbit_hide":5,"minecraft:leather_chestplate":1,"supplementaries:ash":292,"born_in_chaos_v1:seedof_chaos":2,"minecraft:gunpowder":49,"born_in_chaos_v1:corpse_maggot":27,"minecraft:melon_seeds":4,"ecologics:coconut_husk":7,"minecraft:chainmail_boots":5,"quark:forgotten_hat":1,"born_in_chaos_v1:diamond_termite_shard":6,"minecraft:basalt":1373,"minecraft:iron_bars":1,"minecraft:arrow":305,"stalwart_dungeons:pusher":1,"minecraft:cracked_nether_bricks":2,"artifacts:scarf_of_invisibility":2,"minecraft:quartz":1581,"minecraft:netherrack":29928,"minecraft:stone_hoe":1,"minecraft:bread":35,"minecraft:oak_slab":2,"minecraft:lilac":1,"minecraft:mossy_cobblestone":11,"minecraft:prismarine_shard":5,"minecraft:golden_axe":1,"mutantmonsters:mutant_skeleton_boots":1,"minecraft:spectral_arrow":24,"ecologics:crab_claw":1,"minecraft:copper_ingot":5,"minecraft:nether_brick_wall":4,"mowziesmobs:wrought_axe":1,"minecraft:stick":9,"born_in_chaos_v1:pumpkin_staff":1,"minecraft:diorite":104,"tombstone:magic_scroll":1,"minecraft:torch":10,"stalwart_dungeons:tungsten_helmet":1,"minecraft:smooth_quartz":7,"minecraft:brown_wool":2,"minecraft:zombie_head":5,"tombstone:grave_dust":108,"minecraft:fire_charge":2,"minecraft:iron_leggings":2,"minecraft:smooth_quartz_slab":2,"minecraft:iron_axe":5,"minecraft:raw_iron_block":1,"minecraft:bucket":1,"minecraft:dandelion":3,"minecraft:smooth_basalt":9,"minecraft:redstone":120,"minecraft:nether_brick_slab":3,"minecraft:kelp":53,"minecraft:nether_wart":25,"minecraft:blaze_rod":1,"minecraft:raw_copper":94,"minecraft:tuff":1115,"minecraft:raw_iron":971,"minecraft:iron_hoe":5,"minecraft:totem_of_undying":1,"minecraft:red_terracotta":14,"minecraft:red_nether_brick_stairs":16,"luminousworld:yellow_grassflowers":2,"minecraft:filled_map":3,"aether:iron_gloves":2,"minecraft:iron_chestplate":5,"luminousworld:groundpebbles_1":3,"minecraft:andesite":173,"stalwart_dungeons:tungsten_axe":1,"minecraft:mossy_stone_bricks":4,"minecraft:oak_sapling":5,"iceandfire:dragonbone_bow":4,"minecraft:diamond_boots":1,"minecraft:slime_ball":1,"minecraft:stone_pickaxe":1,"minecraft:wooden_pickaxe":1,"minecraft:raw_gold":281,"minecraft:magma_cream":9,"minecraft:calcite":2,"luminousworld:purple_petunias":1,"quark:red_corundum":1},"minecraft:custom":{"minecraft:interact_with_crafting_table":187,"minecraft:open_barrel":116,"minecraft:bell_ring":12,"minecraft:leave_game":23,"minecraft:time_since_death":16219,"minecraft:damage_blocked_by_shield":2190,"minecraft:play_time":1227251,"minecraft:deaths":130,"minecraft:jump":20820,"minecraft:enchant_item":7,"minecraft:interact_with_furnace":424,"minecraft:traded_with_villager":3,"minecraft:sleep_in_bed":15,"tombstone:sneak_grave":10,"minecraft:damage_dealt":109577,"tombstone:undead_killed":849,"minecraft:interact_with_smoker":96,"minecraft:use_cauldron":12,"minecraft:interact_with_smithing_table":25,"minecraft:interact_with_anvil":16,"minecraft:inspect_hopper":31,"minecraft:damage_dealt_absorbed":1209,"minecraft:sneak_time":51493,"minecraft:interact_with_blast_furnace":58,"minecraft:total_world_time":1227251,"tombstone:raider_killed":36,"minecraft:time_since_rest":15961,"tombstone:cast_on_ally":1,"minecraft:swim_one_cm":434112,"minecraft:fly_one_cm":4147136,"minecraft:open_chest":1107,"minecraft:fall_one_cm":590464,"minecraft:damage_resisted":173,"minecraft:sprint_one_cm":2375933,"minecraft:drop":1583,"minecraft:talked_to_villager":59,"minecraft:interact_with_brewingstand":11,"minecraft:walk_on_water_one_cm":199477,"minecraft:interact_with_loom":34,"minecraft:player_kills":9,"minecraft:crouch_one_cm":156360,"tombstone:villager_killed":1,"minecraft:mob_kills":1538,"minecraft:fill_cauldron":2,"minecraft:damage_dealt_resisted":6743,"minecraft:climb_one_cm":12087,"minecraft:walk_one_cm":3821928,"minecraft:walk_under_water_one_cm":107878,"minecraft:boat_one_cm":461771,"minecraft:damage_absorbed":370,"minecraft:damage_taken":2147483647,"minecraft:trigger_trapped_chest":3},"minecraft:killed":{"illagerinvasion:archivist":3,"minecraft:cave_spider":10,"earthmobsmod:jumbo_rabbit":1,"born_in_chaos_v1:zombie_lumberjack":1,"born_in_chaos_v1:restless_spirit":3,"born_in_chaos_v1:skeleton_demoman":3,"enemyexpansion:equestrian":1,"iceandfire:stymphalian_bird":5,"born_in_chaos_v1:siamese_skeletonsright":1,"illagerinvasion:basher":2,"undead_revamp2:theswarmer":1,"minecraft:skeleton":300,"luminousworld:dark_oak_skeleton":6,"born_in_chaos_v1:skeleton_thrasher":2,"ecologics:coconut_crab":2,"alexsmobs:centipede_head":1,"illagerinvasion:necromancer":2,"minecraft:magma_cube":43,"born_in_chaos_v1:bone_imp":2,"stalwart_dungeons:giddy_blaze":172,"minecraft:pillager":7,"alexsmobs:flutter":1,"minecraft:zombie":415,"stalwart_dungeons:incomplete_wither":11,"enemyexpansion:vampire":2,"born_in_chaos_v1:corpse_fly":11,"enemyexpansion:botfly":60,"minecraft:glow_squid":3,"born_in_chaos_v1:door_knight":2,"iceandfire:sea_serpent":1,"minecraft:cow":5,"minecraft:evoker":2,"undead_revamp2:theimmortal":2,"enemyexpansion:invisicreeper":1,"minecraft:vindicator":8,"illagerinvasion:marauder":6,"quark:toretoise":1,"born_in_chaos_v1:firelight":1,"iceandfire:siren":2,"stalwart_dungeons:nether_wart_cocoon":9,"earthmobsmod:albino_cow":3,"born_in_chaos_v1:barrel_zombie":3,"earthmobsmod:bouldering_zombie":1,"undead_revamp2:the_moonflower":9,"enemyexpansion:sprinter":8,"born_in_chaos_v1:decrepit_skeleton":9,"undead_revamp2:thesomnolence":2,"iceandfire:ghost":2,"quark:wraith":1,"minecraft:enderman":2,"minecraft:zombified_piglin":2,"minecraft:witch":5,"minecraft:spider":4,"undead_revamp2:thesmoker":4,"quark:forgotten":1,"naturalist:snail":1,"minecraft:bee":3,"minecraft:silverfish":6,"undead_revamp2:therod":1,"minecraft:piglin_brute":1,"artifacts:mimic":2,"minecraft:piglin":10,"born_in_chaos_v1:bonescaller":3,"minecraft:pig":7,"born_in_chaos_v1:diamond_termite":30,"minecraft:zombie_villager":2,"earthmobsmod:lobber_zombie":1,"illagerinvasion:alchemist":1,"minecraft:creeper":3,"minecraft:sheep":7,"undead_revamp2:thebidyupside":1,"born_in_chaos_v1:zombie_fisherman":1,"born_in_chaos_v1:dread_hound":3,"alexsmobs:terrapin":1,"minecraft:ghast":5,"minecraft:stray":1,"luminousworld:dark_oak_zombie":4,"enemyexpansion:wasp":1,"born_in_chaos_v1:siamese_skeletonsleft":1,"minecraft:blaze":20,"born_in_chaos_v1:missioner":1,"enemyexpansion:intruder":2,"enemyexpansion:direwolf":9,"born_in_chaos_v1:maggot":88,"iceandfire:fire_dragon":2,"takesapillage:clay_golem":1,"minecraft:drowned":4,"undead_revamp2:sucker":1,"enemyexpansion:goblin":1,"born_in_chaos_v1:baby_skeleton":7,"stalwart_dungeons:reinforced_blaze":22,"quark:foxhound":1,"iceandfire:troll":1,"enemyexpansion:crawler":1,"born_in_chaos_v1:decaying_zombie":1,"enemyexpansion:huntsman":3,"minecraft:wither_skeleton":25,"minecraft:villager":1,"enemyexpansion:slugger":5}},"DataVersion":3465}