{"stats":{"minecraft:crafted":{"minecraft:oak_planks":316,"minecraft:cobblestone_slab":12,"quark:birch_chest":12,"minecraft:cooked_chicken":2,"minecraft:diamond_shovel":1,"stalwart_dungeons:tungsten_helmet":1,"minecraft:diamond_helmet":1,"tombstone:grave_key":1,"alexsmobs:cooked_catfish":3,"stalwart_dungeons:tungsten_sword":1,"minecraft:cooked_porkchop":3,"minecraft:crafting_table":3,"minecraft:wooden_pickaxe":1,"minecraft:birch_planks":120,"minecraft:diamond_pickaxe":2,"minecraft:shield":2,"minecraft:stick":40,"minecraft:iron_ingot":9,"minecraft:iron_pickaxe":1,"stalwart_dungeons:tungsten_leggings":2,"minecraft:iron_axe":1,"minecraft:stone_pickaxe":1,"stalwart_dungeons:tungsten_boots":1,"minecraft:diamond_boots":1,"stalwart_dungeons:tungsten_ingot":54,"minecraft:diamond_sword":1,"iceandfire:tide_trident":1,"minecraft:iron_sword":1,"minecraft:air":0,"minecraft:bread":9,"minecraft:oak_boat":2,"stalwart_dungeons:tungsten_chestplate":2,"minecraft:wooden_axe":1,"minecraft:torch":28,"minecraft:diamond_chestplate":1},"minecraft:killed_by":{"iceandfire:sea_serpent":1,"minecraft:zombie":1,"stalwart_dungeons:incomplete_wither":1,"enemyexpansion:invisicreeper":1,"minecraft:player":1},"minecraft:mined":{"minecraft:white_bed":6,"minecraft:stone_pressure_plate":1,"minecraft:spruce_planks":2,"luminousworld:yellowpetunias":1,"minecraft:red_nether_bricks":6,"minecraft:obsidian":15,"minecraft:granite":51,"minecraft:budding_amethyst":1,"minecraft:red_sand":20,"minecraft:grass_block":5,"minecraft:cracked_polished_blackstone_bricks":68,"minecraft:soul_soil":49,"minecraft:coal_block":8,"minecraft:oxeye_daisy":1,"minecraft:polished_blackstone_bricks":84,"minecraft:magma_block":186,"minecraft:iron_ore":1,"minecraft:fire":8,"minecraft:nether_brick_stairs":6,"iceandfire:gold_pile":6,"minecraft:iron_bars":2,"minecraft:iron_block":1,"minecraft:crimson_nylium":81,"minecraft:cyan_terracotta":5,"minecraft:brown_mushroom":1,"minecraft:twisting_vines_plant":1,"stalwart_dungeons:transient_block_close":1,"minecraft:blackstone":113,"minecraft:smoker":2,"minecraft:soul_fire":9,"stalwart_dungeons:soul_tiles":3,"minecraft:calcite":2,"minecraft:nether_brick_slab":1,"minecraft:nether_quartz_ore":37,"minecraft:cobblestone":11,"minecraft:sugar_cane":1,"minecraft:oak_planks":48,"minecraft:wall_torch":9,"minecraft:amethyst_block":5,"minecraft:deepslate_copper_ore":3,"minecraft:skeleton_skull":1,"minecraft:cyan_wool":2,"minecraft:warped_nylium":47,"minecraft:mud":3,"minecraft:birch_log":30,"minecraft:wheat":44,"minecraft:black_bed":1,"minecraft:grass":15,"quark:birch_chest":1,"minecraft:oak_log":80,"minecraft:smooth_quartz":145,"minecraft:sand":7,"minecraft:dirt":6,"luminousworld:grassvariant_3":3,"minecraft:smooth_basalt":7,"minecraft:netherrack":10736,"minecraft:ancient_debris":37,"minecraft:oak_leaves":14,"minecraft:deepslate":165,"minecraft:nether_gold_ore":58,"minecraft:tuff":7,"minecraft:deepslate_diamond_ore":14,"stalwart_dungeons:soul_bricks":29,"luminousworld:grassvariant_4":1,"minecraft:nether_bricks":46,"minecraft:jungle_planks":8,"luminousworld:grassvariant_2":3,"minecraft:cracked_nether_bricks":1,"minecraft:hay_block":33,"minecraft:furnace":3,"minecraft:red_sandstone":288,"minecraft:andesite":16,"minecraft:gold_block":13,"minecraft:bookshelf":7,"minecraft:deepslate_iron_ore":4,"minecraft:vine":1,"minecraft:stone":163,"minecraft:bone_block":41,"minecraft:gray_concrete":1,"minecraft:soul_sand":60,"minecraft:basalt":323,"minecraft:crafting_table":2,"minecraft:campfire":1,"minecraft:tall_grass":8,"minecraft:copper_ore":2,"minecraft:red_terracotta":18,"minecraft:diorite":11,"stalwart_dungeons:tungsten_ore":44,"minecraft:warped_wart_block":1,"supplementaries:urn":6,"minecraft:spruce_stairs":2,"minecraft:birch_leaves":2,"minecraft:coal_ore":8,"iceandfire:silver_pile":3,"luminousworld:ishstone":24,"minecraft:zombie_head":1,"minecraft:gravel":21,"minecraft:cobweb":3,"minecraft:terracotta":4,"minecraft:polished_andesite":2,"minecraft:stone_bricks":7},"minecraft:used":{"iceandfire:tide_trident":28,"minecraft:diamond_hoe":33,"minecraft:iron_sword":166,"minecraft:soul_sand":2,"minecraft:stone_bricks":1,"minecraft:furnace":1,"stalwart_dungeons:tungsten_chestplate":1,"minecraft:diamond_boots":2,"minecraft:oak_planks":305,"minecraft:stone_pickaxe":1,"minecraft:blackstone":10,"minecraft:ender_pearl":1,"minecraft:wooden_pickaxe":19,"minecraft:chainmail_helmet":1,"vanillaplustools:diamond_hammer":781,"minecraft:golden_apple":10,"minecraft:sand":1,"stalwart_dungeons:soul_bricks":14,"minecraft:black_bed":1,"minecraft:bread":9,"minecraft:diamond_sword":494,"minecraft:andesite":1,"minecraft:oak_boat":2,"minecraft:cobweb":1,"minecraft:experience_bottle":11,"vanillaplustools:diamond_shovel":2,"quark:birch_chest":12,"stalwart_dungeons:tungsten_boots":3,"minecraft:cooked_chicken":2,"minecraft:netherrack":572,"minecraft:torch":30,"minecraft:dirt":7,"minecraft:hopper":5,"minecraft:granite":2,"minecraft:wooden_axe":7,"minecraft:iron_axe":186,"minecraft:totem_of_undying":2,"minecraft:soul_soil":26,"tombstone:gift":6,"minecraft:cobbled_deepslate":53,"alexsmobs:cooked_catfish":3,"tombstone:scroll_of_knowledge":1,"minecraft:baked_potato":164,"luminousworld:ishstone":17,"minecraft:cobblestone_slab":3,"minecraft:polished_blackstone_bricks":12,"minecraft:terracotta":1,"minecraft:crafting_table":4,"stalwart_dungeons:tungsten_helmet":1,"minecraft:white_bed":5,"minecraft:smoker":1,"stalwart_dungeons:tungsten_leggings":1,"minecraft:diamond_pickaxe":6308,"minecraft:diamond_shovel":58,"iceandfire:dragonbone_bow":1,"minecraft:iron_pickaxe":405,"stalwart_dungeons:tungsten_sword":2,"stalwart_dungeons:soul_tiles":3,"minecraft:cobblestone":28,"minecraft:cooked_porkchop":3,"minecraft:pumpkin_pie":1,"minecraft:splash_potion":1},"minecraft:broken":{"aether:iron_gloves":1,"minecraft:chainmail_helmet":1},"minecraft:picked_up":{"minecraft:wheat":36,"minecraft:chainmail_boots":2,"minecraft:prismarine_shard":5,"minecraft:diamond_sword":5,"vanillaplustools:diamond_shovel":1,"artifacts:chorus_totem":1,"minecraft:potion":1,"minecraft:enchanted_book":3,"minecraft:nether_brick":10,"minecraft:music_disc_cat":1,"minecraft:string":2,"minecraft:soul_soil":45,"minecraft:raw_copper":10,"minecraft:red_nether_bricks":2,"minecraft:iron_leggings":2,"minecraft:zombie_head":1,"stalwart_dungeons:tungsten_helmet":1,"alexsmobs:dropbear_claw":1,"minecraft:diamond_leggings":1,"minecraft:red_sand":5,"minecraft:gold_nugget":388,"minecraft:cobbled_deepslate":164,"minecraft:spruce_planks":2,"minecraft:cobblestone_slab":9,"minecraft:coal_block":8,"minecraft:furnace":3,"minecraft:stick":8,"minecraft:torch":12,"minecraft:spruce_stairs":2,"minecraft:porkchop":3,"minecraft:golden_axe":1,"tombstone:grave_dust":12,"minecraft:diorite":8,"minecraft:rotten_flesh":54,"supplementaries:antique_ink":3,"minecraft:iron_block":1,"supplementaries:quiver":1,"supplementaries:ash":25,"minecraft:blaze_rod":72,"minecraft:obsidian":34,"minecraft:iron_bars":1,"minecraft:cobblestone":155,"minecraft:birch_log":30,"minecraft:magma_block":111,"minecraft:feather":3,"vanillaplustools:diamond_hammer":1,"minecraft:andesite":16,"minecraft:black_bed":1,"minecraft:smoker":2,"minecraft:potato":4,"minecraft:flint":1,"minecraft:tuff":7,"supplementaries:flax_seeds":1,"minecraft:wither_skeleton_skull":1,"minecraft:gray_concrete":2,"minecraft:dirt":9,"minecraft:twisting_vines":2,"stalwart_dungeons:blaze_armor_scrap":16,"minecraft:bone":75,"minecraft:bow":9,"minecraft:wheat_seeds":132,"minecraft:raw_gold":194,"minecraft:diamond_helmet":1,"minecraft:oak_planks":46,"iceandfire:shiny_scales":7,"minecraft:sand":9,"minecraft:jungle_planks":8,"endermanoverhaul:soul_pearl":2,"minecraft:nether_brick_stairs":5,"sophisticatedbackpacks:iron_backpack":3,"minecraft:dark_oak_log":1,"minecraft:bundle":3,"minecraft:iron_hoe":1,"minecraft:polished_andesite":2,"born_in_chaos_v1:fire_dust":1,"minecraft:diamond":39,"minecraft:cracked_polished_blackstone_bricks":56,"minecraft:granite":45,"minecraft:golden_apple":6,"minecraft:chainmail_helmet":1,"iceandfire:dragonbone_bow":1,"minecraft:emerald":10,"minecraft:oak_sapling":1,"born_in_chaos_v1:rotten_fish":2,"minecraft:netherrack":2412,"iceandfire:silver_nugget":8,"minecraft:diamond_pickaxe":4,"minecraft:mud":6,"minecraft:charcoal":2,"minecraft:crafting_table":2,"minecraft:chicken":3,"minecraft:leather_leggings":1,"iceandfire:dragonbone_arrow":1,"minecraft:gold_block":14,"minecraft:diamond_horse_armor":1,"stalwart_dungeons:soul_bricks":19,"minecraft:iron_axe":1,"minecraft:item_frame":1,"minecraft:iron_shovel":1,"minecraft:blackstone":94,"minecraft:beef":10,"minecraft:cyan_wool":2,"minecraft:sugar_cane":3,"minecraft:egg":1,"minecraft:raw_iron":962,"ecologics:coconut_slice":2,"minecraft:polished_blackstone_bricks":81,"minecraft:cookie":5,"minecraft:carrot":1,"minecraft:prismarine_crystals":8,"minecraft:stone_pressure_plate":1,"minecraft:diamond_chestplate":1,"minecraft:arrow":29,"iceandfire:sea_serpent_scales_purple":4,"stalwart_dungeons:raw_tungsten":82,"minecraft:beetroot_seeds":2,"minecraft:pumpkin_pie":2,"minecraft:nether_bricks":9,"minecraft:diamond_boots":1,"minecraft:hay_block":33,"born_in_chaos_v1:spiny_shell":4,"minecraft:totem_of_undying":2,"sophisticatedbackpacks:copper_backpack":2,"minecraft:mutton":1,"minecraft:bone_block":45,"minecraft:skeleton_skull":1,"minecraft:white_wool":2,"born_in_chaos_v1:corpse_maggot":9,"minecraft:basalt":71,"iceandfire:sea_serpent_fang":6,"minecraft:salmon":1,"luminousworld:ishstone":24,"minecraft:leather":6,"minecraft:oak_log":79,"minecraft:ancient_debris":36,"minecraft:golden_boots":1,"minecraft:paper":2,"minecraft:apple":1,"minecraft:stone_bricks":9,"minecraft:iron_ingot":8,"minecraft:iron_sword":2,"minecraft:soul_sand":31,"minecraft:warped_fungus":2,"stalwart_dungeons:transient_block_close":1,"minecraft:book":22,"minecraft:smooth_basalt":7,"minecraft:quartz":3,"minecraft:cracked_nether_bricks":1,"minecraft:gravel":7,"stalwart_dungeons:soul_tiles":3,"minecraft:white_bed":5,"minecraft:leather_helmet":1,"alexsmobs:raw_catfish":3,"tombstone:scroll_of_knowledge":1,"minecraft:iron_helmet":1,"minecraft:warped_roots":3,"minecraft:terracotta":3,"minecraft:baked_potato":62,"minecraft:melon_seeds":3,"minecraft:coal":26,"minecraft:hopper":5,"minecraft:ender_pearl":2},"minecraft:dropped":{"minecraft:nether_brick_stairs":5,"sophisticatedbackpacks:iron_backpack":2,"minecraft:iron_sword":4,"minecraft:soul_sand":15,"minecraft:birch_planks":8,"minecraft:diamond_axe":1,"minecraft:baked_potato":78,"minecraft:crafting_table":1,"ecologics:coconut_slice":2,"minecraft:cookie":5,"minecraft:warped_roots":3,"minecraft:iron_horse_armor":1,"minecraft:leather_helmet":2,"minecraft:dirt":2,"minecraft:dark_oak_log":1,"iceandfire:sea_serpent_scales_purple":2,"minecraft:stone_button":1,"minecraft:mutton":1,"minecraft:gold_nugget":5,"minecraft:iron_pickaxe":5,"stalwart_dungeons:tungsten_sword":1,"minecraft:birch_log":14,"minecraft:bone":93,"minecraft:gravel":7,"minecraft:blackstone":3,"minecraft:ancient_debris":39,"born_in_chaos_v1:fire_dust":1,"stalwart_dungeons:tungsten_leggings":1,"minecraft:golden_chestplate":2,"minecraft:cobbled_deepslate":136,"minecraft:twisting_vines":2,"minecraft:wheat":5,"minecraft:rotten_flesh":114,"artifacts:villager_hat":1,"minecraft:oak_planks":21,"artifacts:chorus_totem":1,"sophisticatedbackpacks:diamond_backpack":1,"minecraft:chainmail_chestplate":8,"minecraft:leather_chestplate":2,"supplementaries:flax_seeds":1,"supplementaries:ash":17,"minecraft:gunpowder":15,"minecraft:skeleton_skull":1,"minecraft:charcoal":2,"minecraft:beetroot_seeds":7,"minecraft:melon_seeds":6,"born_in_chaos_v1:corpse_maggot":27,"minecraft:hopper":1,"minecraft:leather_boots":3,"minecraft:chainmail_boots":3,"tombstone:scroll_of_knowledge":1,"minecraft:leather_leggings":3,"minecraft:basalt":6,"minecraft:red_nether_bricks":2,"minecraft:iron_bars":1,"minecraft:arrow":9,"minecraft:ghast_tear":6,"minecraft:splash_potion":1,"minecraft:quartz":1,"minecraft:netherrack":709,"minecraft:iron_ingot":3,"minecraft:golden_boots":5,"minecraft:enchanted_book":1,"minecraft:wheat_seeds":61,"luminousworld:ishstone":3,"minecraft:diamond_leggings":1,"minecraft:netherite_chestplate":1,"minecraft:netherite_helmet":1,"minecraft:iron_helmet":5,"minecraft:feather":4,"minecraft:cobblestone":76,"minecraft:granite":38,"vanillaplustools:iron_shovel":1,"iceandfire:armor_blue_leggings":1,"minecraft:spruce_stairs":2,"minecraft:chainmail_helmet":4,"minecraft:coal":7,"minecraft:stick":23,"minecraft:polished_andesite":2,"minecraft:cobweb":2,"minecraft:lava_bucket":1,"minecraft:diamond_horse_armor":1,"minecraft:diorite":7,"minecraft:golden_carrot":8,"stalwart_dungeons:tungsten_chestplate":1,"minecraft:wooden_axe":1,"minecraft:diamond_helmet":2,"tombstone:grave_dust":4,"minecraft:iron_leggings":10,"minecraft:iron_axe":1,"minecraft:chainmail_leggings":5,"minecraft:iron_shovel":6,"minecraft:string":5,"tombstone:voodoo_poppet":1,"minecraft:music_disc_cat":2,"artifacts:digging_claws":2,"minecraft:soul_soil":2,"minecraft:blaze_rod":20,"minecraft:raw_copper":10,"minecraft:raw_iron":4,"minecraft:chicken":1,"minecraft:iron_boots":6,"minecraft:iron_hoe":4,"minecraft:cobbled_deepslate_slab":2,"minecraft:nether_bricks":7,"minecraft:pumpkin_seeds":6,"minecraft:diamond_sword":1,"minecraft:potato":4,"minecraft:cobblestone_slab":18,"supplementaries:quiver":3,"minecraft:cyan_wool":2,"minecraft:shield":1,"minecraft:diamond_chestplate":1,"minecraft:bundle":8,"minecraft:iron_chestplate":5,"minecraft:diamond_pickaxe":3,"minecraft:andesite":15,"quark:birch_chest":1,"minecraft:oak_sapling":1,"iceandfire:dragonbone_arrow":50,"iceandfire:dragonbone_bow":1,"minecraft:stone_pressure_plate":1,"minecraft:stone_bricks":3,"minecraft:diamond_boots":2,"minecraft:bow":29,"minecraft:stone_pickaxe":1,"minecraft:wooden_pickaxe":1,"iceandfire:sea_serpent_fang":3,"minecraft:terracotta":2},"minecraft:custom":{"minecraft:interact_with_crafting_table":35,"minecraft:open_barrel":24,"minecraft:leave_game":2,"minecraft:time_since_death":75184,"minecraft:damage_resisted":20,"minecraft:sprint_one_cm":1285289,"minecraft:drop":386,"minecraft:talked_to_villager":5,"minecraft:play_time":320752,"minecraft:deaths":5,"tombstone:tomb_raiding":1,"minecraft:jump":5138,"minecraft:walk_on_water_one_cm":45689,"minecraft:enchant_item":12,"minecraft:interact_with_furnace":31,"minecraft:interact_with_loom":2,"minecraft:sleep_in_bed":8,"minecraft:damage_dealt":36909,"minecraft:player_kills":3,"minecraft:crouch_one_cm":65271,"tombstone:undead_killed":225,"tombstone:villager_killed":1,"minecraft:interact_with_smoker":11,"minecraft:inspect_dispenser":1,"minecraft:interact_with_smithing_table":7,"minecraft:interact_with_anvil":6,"minecraft:mob_kills":391,"minecraft:inspect_hopper":7,"minecraft:damage_dealt_resisted":778,"minecraft:climb_one_cm":5841,"minecraft:walk_one_cm":446047,"minecraft:damage_dealt_absorbed":880,"minecraft:sneak_time":19921,"minecraft:walk_under_water_one_cm":23406,"minecraft:boat_one_cm":175774,"minecraft:interact_with_blast_furnace":20,"minecraft:total_world_time":320752,"tombstone:raider_killed":6,"minecraft:time_since_rest":75059,"minecraft:damage_absorbed":420,"minecraft:damage_taken":10770,"minecraft:trigger_trapped_chest":1,"tombstone:cast_on_ally":1,"minecraft:swim_one_cm":123430,"minecraft:fly_one_cm":937070,"minecraft:open_chest":226,"minecraft:fall_one_cm":139955},"minecraft:killed":{"illagerinvasion:archivist":1,"earthmobsmod:duck":1,"minecraft:spider":1,"undead_revamp2:thesmoker":1,"born_in_chaos_v1:baby_skeleton_minion":3,"minecraft:skeleton":80,"minecraft:chicken":3,"illagerinvasion:provoker":2,"born_in_chaos_v1:skeleton_thrasher":1,"alexsmobs:laviathan":1,"minecraft:piglin_brute":9,"minecraft:magma_cube":18,"minecraft:piglin":12,"minecraft:pig":1,"born_in_chaos_v1:bone_imp":4,"stalwart_dungeons:giddy_blaze":5,"luminousworld:crab":1,"minecraft:sheep":2,"stalwart_dungeons:incomplete_wither":6,"minecraft:zombie":115,"enemyexpansion:botfly":36,"minecraft:blaze":3,"alexsmobs:dropbear":1,"undead_revamp2:theimmortal":3,"alexsmobs:raccoon":3,"minecraft:vindicator":3,"luminousworld:sunken_skeleton":1,"born_in_chaos_v1:thornshell_crab":1,"born_in_chaos_v1:firelight":1,"born_in_chaos_v1:maggot":21,"earthmobsmod:wither_skeleton_wolf":1,"iceandfire:siren":1,"stalwart_dungeons:nether_wart_cocoon":3,"endermanoverhaul:soulsand_valley_enderman":1,"minecraft:drowned":1,"earthmobsmod:albino_cow":1,"born_in_chaos_v1:baby_skeleton":1,"stalwart_dungeons:reinforced_blaze":22,"earthmobsmod:cream_cow":4,"born_in_chaos_v1:decrepit_skeleton":2,"endermanoverhaul:spirit":3,"alexsmobs:catfish":2,"iceandfire:ghost":1,"enemyexpansion:huntsman":1,"minecraft:wither_skeleton":1,"minecraft:villager":1,"enemyexpansion:slugger":1}},"DataVersion":3465}