{"stats":{"minecraft:crafted":{"minecraft:oak_planks":96,"stalwart_dungeons:tungsten_helmet":2,"quark:deepslate_furnace":1,"vanillaplustools:iron_hammer":1,"tombstone:grave_key":2,"minecraft:copper_block":8,"iceandfire:armor_blue_boots":2,"minecraft:stone_hoe":1,"minecraft:smoker":1,"minecraft:emerald":12,"sophisticatedbackpacks:backpack":1,"minecraft:cooked_porkchop":8,"minecraft:crafting_table":4,"minecraft:spruce_planks":48,"minecraft:iron_helmet":1,"minecraft:baked_potato":70,"minecraft:wooden_pickaxe":1,"minecraft:copper_ingot":100,"minecraft:gold_block":6,"minecraft:birch_planks":20,"sophisticatedbackpacks:upgrade_base":1,"minecraft:lectern":1,"minecraft:iron_chestplate":2,"minecraft:wooden_hoe":1,"iceandfire:armor_blue_leggings":2,"minecraft:charcoal":6,"minecraft:shield":1,"sophisticatedbackpacks:diamond_backpack":1,"minecraft:stick":32,"quark:oak_chest":4,"minecraft:iron_pickaxe":6,"minecraft:iron_ingot":67,"minecraft:iron_block":4,"minecraft:gold_ingot":146,"minecraft:netherite_ingot":1,"stalwart_dungeons:tungsten_leggings":2,"minecraft:coal":9,"iceandfire:armor_blue_chestplate":1,"sophisticatedbackpacks:stack_upgrade_tier_1":1,"minecraft:furnace":1,"sophisticatedbackpacks:stack_upgrade_starter_tier":1,"minecraft:bone_meal":117,"mutantmonsters:mutant_skeleton_chestplate":1,"minecraft:iron_axe":1,"born_in_chaos_v1:fried_maggot":5,"minecraft:stone_pickaxe":1,"stalwart_dungeons:tungsten_boots":2,"sophisticatedbackpacks:stack_upgrade_tier_2":1,"minecraft:netherite_scrap":15,"minecraft:wheat":117,"sophisticatedbackpacks:iron_backpack":1,"stalwart_dungeons:tungsten_ingot":19,"minecraft:cooked_beef":24,"sophisticatedbackpacks:gold_backpack":1,"minecraft:enchanted_book":4,"minecraft:air":0,"minecraft:bread":89,"minecraft:oak_boat":2,"quark:spruce_bookshelf":1,"stalwart_dungeons:tungsten_shield":1,"stalwart_dungeons:tungsten_chestplate":1,"minecraft:wooden_axe":1,"minecraft:iron_leggings":1},"minecraft:killed_by":{"minecraft:wither_skeleton":1,"minecraft:creeper":2,"born_in_chaos_v1:mr_pumpkin":1,"quark:forgotten":1,"minecraft:drowned":1,"enemyexpansion:meature":1,"undead_revamp2:clogger":1,"minecraft:vindicator":2,"minecraft:silverfish":1,"iceandfire:ice_dragon":10,"born_in_chaos_v1:pumpkinhead":2,"minecraft:zombie":1,"enemyexpansion:vampflyer":1,"enemyexpansion:silverqueen":1,"enemyexpansion:invisicreeper":4,"minecraft:player":15,"mowziesmobs:ferrous_wroughtnaut":10,"undead_revamp2:therod":3,"mutantmonsters:mutant_skeleton":2,"minecraft:skeleton":2,"enemyexpansion:direwolf":2},"minecraft:used":{"minecraft:iron_shovel":165,"minecraft:spruce_slab":2,"iceandfire:dragon_skull_ice":1,"minecraft:bone_block":5,"minecraft:shield":28,"minecraft:iron_sword":304,"minecraft:rotten_flesh":4,"minecraft:iron_chestplate":2,"minecraft:soul_sand":6,"born_in_chaos_v1:soul_cutlass":180,"minecraft:tuff":1,"minecraft:lava_bucket":1,"quark:deepslate_furnace":2,"luminousworld:blueberry":1,"minecraft:lantern":1,"minecraft:iron_helmet":1,"minecraft:stone_bricks":2,"born_in_chaos_v1:nightmare_stalker_skull":2,"minecraft:sweet_berries":1,"minecraft:furnace":5,"minecraft:potato":60,"luminousworld:ironhammer":14,"minecraft:diamond_boots":1,"minecraft:oak_planks":12,"minecraft:stone_pickaxe":2,"minecraft:blackstone":25,"minecraft:wooden_pickaxe":1,"minecraft:cookie":4,"minecraft:golden_apple":1,"minecraft:sand":21,"stalwart_dungeons:soul_bricks":23,"alexscaves:cave_book":2,"minecraft:crossbow":65,"minecraft:black_bed":1,"mutantmonsters:mutant_skeleton_skull":1,"iceandfire:armor_blue_leggings":1,"minecraft:bread":115,"minecraft:lectern":2,"tombstone:grave_key":31,"minecraft:golden_helmet":1,"minecraft:diamond_sword":5,"minecraft:oak_boat":7,"minecraft:bone_meal":117,"endrem:nether_eye":1,"minecraft:cobweb":6,"minecraft:enchanting_table":2,"minecraft:dried_kelp":1,"minecraft:spruce_planks":34,"stalwart_dungeons:tungsten_boots":3,"born_in_chaos_v1:fried_maggot":5,"minecraft:stone_hoe":54,"minecraft:netherrack":252,"minecraft:torch":99,"quark:blue_corundum_cluster":1,"minecraft:brewing_stand":1,"minecraft:dirt":79,"minecraft:granite":6,"minecraft:wooden_axe":20,"minecraft:iron_axe":17,"stalwart_dungeons:tungsten_axe":8,"iceandfire:armor_blue_chestplate":1,"minecraft:iron_boots":1,"minecraft:barrel":1,"minecraft:basalt":10,"minecraft:golden_carrot":25,"minecraft:soul_soil":10,"tombstone:gift":5,"minecraft:cooked_beef":21,"minecraft:cobbled_deepslate":277,"minecraft:iron_leggings":2,"minecraft:cooked_mutton":4,"minecraft:baked_potato":109,"luminousworld:ishstone":3,"mutantmonsters:mutant_skeleton_chestplate":1,"minecraft:crafting_table":30,"minecraft:smoker":1,"mowziesmobs:wrought_axe":1908,"tombstone:bag_of_seeds":1,"minecraft:wooden_hoe":14,"minecraft:diamond_pickaxe":396,"tombstone:magic_scroll":6,"minecraft:iron_pickaxe":243,"minecraft:golden_leggings":1,"stalwart_dungeons:soul_tiles":2,"minecraft:cobblestone":111,"vanillaplustools:iron_hammer":842,"minecraft:porkchop":1,"minecraft:cooked_porkchop":8,"minecraft:bucket":1,"minecraft:yellow_bed":1,"quark:oak_chest":3,"minecraft:smooth_stone":1,"minecraft:chainmail_leggings":1},"minecraft:mined":{"luminousworld:white_petunias":1,"minecraft:spruce_planks":6,"minecraft:white_bed":1,"minecraft:cobblestone_stairs":3,"minecraft:red_nether_bricks":24,"minecraft:granite":4,"minecraft:red_sand":5,"minecraft:grass_block":56,"minecraft:coal_block":1,"minecraft:soul_soil":79,"minecraft:spawner":2,"minecraft:raw_iron_block":1,"minecraft:magma_block":2,"minecraft:red_nether_brick_stairs":3,"minecraft:iron_ore":10,"minecraft:fire":26,"minecraft:cobbled_deepslate":28,"minecraft:deepslate_lapis_ore":7,"minecraft:nether_brick_stairs":6,"minecraft:enchanting_table":2,"minecraft:iron_bars":2,"stalwart_dungeons:soul_magma_bricks":9,"minecraft:deepslate_redstone_ore":16,"minecraft:blackstone":35,"minecraft:crimson_nylium":3,"minecraft:soul_fire":22,"stalwart_dungeons:soul_tiles":3,"born_in_chaos_v1:infected_deepslate_diamond_ore":5,"minecraft:torch":3,"minecraft:calcite":12,"minecraft:nether_brick_slab":3,"supplementaries:wild_flax":1,"minecraft:nether_quartz_ore":26,"quark:blue_corundum_cluster":1,"minecraft:cobblestone":25,"minecraft:oak_planks":2,"placeablesmod:bread_full_block":2,"minecraft:wall_torch":11,"minecraft:amethyst_block":15,"minecraft:wheat":160,"minecraft:birch_log":7,"minecraft:black_bed":1,"minecraft:grass":18,"minecraft:oak_log":23,"minecraft:smooth_quartz":2,"minecraft:sand":20,"minecraft:dirt":49,"luminousworld:grassvariant_3":8,"minecraft:smooth_basalt":14,"born_in_chaos_v1:infernal_evil_pumpkin_s":1,"minecraft:ancient_debris":14,"minecraft:netherrack":3302,"minecraft:oak_leaves":9,"minecraft:deepslate":2585,"minecraft:nether_gold_ore":18,"minecraft:tuff":311,"minecraft:mossy_cobblestone":3,"luminousworld:grassvariant_4":1,"stalwart_dungeons:soul_bricks":38,"minecraft:deepslate_diamond_ore":37,"born_in_chaos_v1:nightmare_stalker_skull":1,"minecraft:stripped_birch_log":4,"iceandfire:frozen_cobblestone":2,"luminousworld:mossbuds_1":1,"born_in_chaos_v1:infected_diamond_ore":1,"minecraft:nether_bricks":13,"iceandfire:frozen_stone":2,"luminousworld:grassvariant_2":9,"minecraft:polished_andesite_slab":1,"minecraft:cracked_nether_bricks":3,"minecraft:hay_block":13,"minecraft:furnace":4,"minecraft:red_sandstone":6,"minecraft:andesite":17,"minecraft:gold_block":2,"minecraft:deepslate_iron_ore":74,"placeablesmod:iron_sword_block":1,"minecraft:stone":120,"minecraft:glass_pane":3,"minecraft:soul_sand":56,"minecraft:basalt":17,"minecraft:crafting_table":20,"minecraft:emerald_ore":1,"minecraft:lectern":1,"minecraft:copper_ore":39,"minecraft:tall_grass":3,"minecraft:deepslate_gold_ore":25,"stalwart_dungeons:tungsten_ore":22,"minecraft:diorite":20,"supplementaries:urn":13,"minecraft:spruce_log":73,"minecraft:birch_leaves":3,"minecraft:yellow_bed":1,"quark:deepslate_furnace":2,"minecraft:coal_ore":4,"luminousworld:ishstone":2,"minecraft:dripstone_block":1,"minecraft:cobweb":7,"minecraft:cracked_stone_bricks":1,"minecraft:terracotta":2,"minecraft:polished_andesite":1,"minecraft:stone_bricks":6},"minecraft:broken":{"minecraft:golden_helmet":1,"minecraft:iron_boots":1,"minecraft:iron_chestplate":2,"minecraft:golden_leggings":1,"minecraft:diamond_boots":1,"minecraft:chainmail_leggings":1,"stalwart_dungeons:tungsten_helmet":1,"aether:iron_gloves":1,"stalwart_dungeons:tungsten_leggings":1,"minecraft:iron_helmet":2,"stalwart_dungeons:tungsten_boots":1},"minecraft:picked_up":{"minecraft:iron_chestplate":2,"minecraft:wheat":153,"illagerinvasion:platinum_chunk":1,"minecraft:chainmail_boots":2,"minecraft:creeper_head":1,"minecraft:prismarine_shard":5,"minecraft:diamond_sword":2,"aether:iron_gloves":1,"minecraft:enchanted_book":4,"minecraft:polished_blackstone_brick_stairs":2,"minecraft:string":12,"minecraft:raw_copper":290,"minecraft:soul_soil":73,"mutantmonsters:mutant_skeleton_skull":1,"minecraft:red_nether_bricks":9,"minecraft:iron_leggings":2,"minecraft:experience_bottle":2,"minecraft:pufferfish":1,"minecraft:zombie_head":2,"minecraft:beetroot":4,"minecraft:sea_pickle":1,"minecraft:red_sand":6,"minecraft:smooth_stone":1,"minecraft:gold_nugget":212,"minecraft:cobbled_deepslate":1024,"minecraft:bucket":1,"minecraft:spruce_planks":5,"minecraft:redstone_torch":1,"minecraft:smooth_quartz":108,"minecraft:iron_pickaxe":1,"minecraft:coal_block":1,"minecraft:mangrove_log":1,"minecraft:iron_boots":4,"minecraft:furnace":6,"minecraft:tipped_arrow":64,"minecraft:stick":3,"born_in_chaos_v1:shattered_skull":1,"minecraft:torch":102,"minecraft:acacia_log":1,"minecraft:spruce_stairs":1,"minecraft:porkchop":7,"aether:golden_gloves":1,"tombstone:grave_dust":51,"minecraft:diorite":5,"born_in_chaos_v1:nightmare_claw":1,"minecraft:golden_chestplate":1,"stalwart_dungeons:soul_magma_bricks":2,"luminousworld:grassflowers":3,"minecraft:rotten_flesh":132,"artifacts:villager_hat":1,"minecraft:vex_armor_trim_smithing_template":1,"supplementaries:antique_ink":2,"iceandfire:fire_dragon_heart":2,"minecraft:cyan_terracotta":75,"supplementaries:quiver":1,"supplementaries:ash":80,"mutantmonsters:mutant_skeleton_shoulder_pad":1,"minecraft:blaze_rod":34,"minecraft:iron_bars":3,"minecraft:cobblestone":333,"minecraft:birch_log":6,"minecraft:enchanting_table":2,"minecraft:magma_block":9,"minecraft:flint":4,"minecraft:andesite":11,"minecraft:black_bed":1,"minecraft:potato":161,"alexscaves:cave_book":1,"minecraft:tuff":193,"supplementaries:flax_seeds":8,"minecraft:gray_concrete":2,"minecraft:lapis_lazuli":56,"minecraft:stripped_birch_log":4,"minecraft:dirt":99,"born_in_chaos_v1:nightmare_stalker_skull":2,"minecraft:lantern":1,"minecraft:name_tag":1,"stalwart_dungeons:blaze_armor_scrap":17,"minecraft:bone":157,"minecraft:bow":5,"iceandfire:armor_blue_helmet":1,"minecraft:wheat_seeds":409,"minecraft:raw_gold":52,"mutantmonsters:mutant_skeleton_rib_cage":2,"minecraft:mossy_stone_bricks":1,"minecraft:oak_planks":4,"minecraft:red_terracotta":14,"earthmobsmod:harder_flesh":2,"iceandfire:shiny_scales":8,"minecraft:sand":21,"minecraft:nether_brick_stairs":2,"mutantmonsters:mutant_skeleton_leggings":1,"minecraft:barrel":1,"minecraft:mossy_cobblestone":1,"minecraft:bundle":7,"minecraft:iron_hoe":3,"minecraft:polished_andesite":1,"minecraft:diamond":81,"luminousworld:blueberry":1,"minecraft:crossbow":1,"minecraft:granite":19,"stalwart_dungeons:tungsten_leggings":1,"minecraft:grass":2,"minecraft:emerald":27,"minecraft:bread":22,"iceandfire:gorgon_head":1,"minecraft:oak_sapling":1,"minecraft:netherrack":4037,"iceandfire:raw_silver":1,"minecraft:diamond_pickaxe":2,"minecraft:crafting_table":27,"born_in_chaos_v1:diamond_termite_shard":4,"mutantmonsters:mutant_skeleton_arms":1,"minecraft:nether_wart":4,"minecraft:gold_block":1,"stalwart_dungeons:soul_bricks":33,"minecraft:chain":2,"iceandfire:frozen_stone":3,"minecraft:iron_shovel":2,"minecraft:blackstone":68,"minecraft:cracked_stone_bricks":1,"minecraft:beef":19,"minecraft:oak_boat":5,"minecraft:lectern":1,"luminousworld:white_oak_plank":2,"minecraft:raw_iron":165,"iceandfire:dragonbone":4,"minecraft:copper_ingot":3,"endrem:nether_eye":1,"quark:deepslate_furnace":2,"minecraft:cookie":20,"minecraft:redstone":64,"minecraft:prismarine_crystals":13,"iceandfire:dragon_skull_ice":1,"minecraft:arrow":99,"stalwart_dungeons:raw_tungsten":20,"minecraft:nether_bricks":9,"minecraft:diamond_boots":2,"minecraft:hay_block":13,"stalwart_dungeons:tungsten_axe":1,"mutantmonsters:mutant_skeleton_rib":3,"minecraft:gold_ingot":27,"born_in_chaos_v1:spiny_shell":2,"minecraft:saddle":1,"tombstone:essence_of_undeath":4,"sophisticatedbackpacks:copper_backpack":2,"minecraft:mutton":1,"minecraft:bone_block":25,"minecraft:skeleton_skull":1,"minecraft:white_wool":1,"born_in_chaos_v1:corpse_maggot":61,"minecraft:netherite_boots":1,"minecraft:air":0,"minecraft:basalt":140,"minecraft:golden_carrot":46,"minecraft:leather":6,"luminousworld:ishstone":15,"minecraft:birch_planks":1,"minecraft:filled_map":4,"minecraft:oak_log":24,"minecraft:chainmail_chestplate":3,"minecraft:ancient_debris":14,"minecraft:yellow_bed":1,"minecraft:golden_boots":2,"minecraft:gunpowder":15,"mowziesmobs:wrought_axe":15,"iceandfire:dragonscales_blue":46,"mutantmonsters:mutant_skeleton_limb":4,"vanillaplustools:iron_hammer":2,"minecraft:red_nether_brick_stairs":2,"born_in_chaos_v1:soul_cutlass":1,"minecraft:stone_bricks":2,"minecraft:kelp":76,"minecraft:red_sandstone":140,"minecraft:rabbit_hide":5,"minecraft:iron_ingot":6,"minecraft:stone_pickaxe":1,"minecraft:cobweb":9,"tombstone:bag_of_seeds":1,"minecraft:polished_andesite_slab":1,"minecraft:iron_sword":11,"iceandfire:fire_dragon_flesh":2,"minecraft:soul_sand":54,"luminousworld:clovers_1":2,"minecraft:sweet_berries":8,"born_in_chaos_v1:ethereal_spirit":10,"minecraft:quartz":54,"minecraft:cracked_nether_bricks":3,"minecraft:raw_iron_block":1,"minecraft:soul_torch":1,"minecraft:gravel":1,"stalwart_dungeons:soul_tiles":2,"born_in_chaos_v1:dark_rod":2,"iceandfire:armor_blue_leggings":1,"mowziesmobs:wrought_helmet":1,"minecraft:spruce_sapling":4,"minecraft:spruce_log":73,"minecraft:nether_brick_slab":2,"minecraft:leather_helmet":1,"quark:blue_corundum_cluster":1,"minecraft:spider_eye":3,"quark:cobblestone_bricks":1,"minecraft:chainmail_leggings":1,"minecraft:iron_helmet":2,"minecraft:scute":1,"mutantmonsters:mutant_skeleton_boots":1,"minecraft:terracotta":1,"minecraft:baked_potato":41,"tombstone:magic_scroll":3,"iceandfire:chared_gravel":1,"minecraft:coal":7,"minecraft:ender_pearl":1},"minecraft:dropped":{"minecraft:iron_sword":4,"minecraft:birch_planks":10,"minecraft:ender_pearl":1,"minecraft:diamond":1,"minecraft:red_sandstone":77,"minecraft:cookie":1,"minecraft:cracked_stone_bricks":1,"iceandfire:gorgon_head":1,"mutantmonsters:mutant_skeleton_shoulder_pad":1,"minecraft:leather_helmet":1,"minecraft:cyan_terracotta":10,"minecraft:gray_concrete":1,"tombstone:bag_of_seeds":1,"minecraft:grass":3,"minecraft:stone_button":2,"iceandfire:chared_gravel":1,"minecraft:chain":1,"minecraft:iron_pickaxe":1,"vanillaplustools:iron_hammer":1,"minecraft:birch_log":14,"minecraft:white_wool":1,"luminousworld:clovers_1":2,"minecraft:bone":22,"minecraft:blackstone":30,"minecraft:polished_andesite_slab":1,"minecraft:golden_chestplate":2,"minecraft:cooked_chicken":1,"minecraft:iron_nugget":1,"luminousworld:white_oak_plank":2,"alexsmobs:animal_dictionary":1,"minecraft:cobbled_deepslate":615,"alexscaves:cave_tablet":1,"minecraft:beetroot":4,"minecraft:rotten_flesh":1109,"artifacts:villager_hat":1,"minecraft:oak_planks":9,"iceandfire:frozen_stone":3,"minecraft:carrot":2,"minecraft:chainmail_chestplate":2,"minecraft:rabbit_hide":5,"supplementaries:flax_seeds":8,"supplementaries:ash":171,"luminousworld:grassflowers":2,"minecraft:leather_boots":1,"alexscaves:cave_book":2,"minecraft:mangrove_log":1,"minecraft:skeleton_skull":1,"born_in_chaos_v1:corpse_maggot":35,"minecraft:acacia_sapling":1,"born_in_chaos_v1:diamond_termite_shard":2,"minecraft:leather_leggings":1,"minecraft:spruce_slab":17,"minecraft:basalt":31,"minecraft:arrow":14,"minecraft:quartz":11,"minecraft:netherrack":1317,"minecraft:golden_boots":3,"minecraft:enchanted_book":1,"minecraft:bread":4,"minecraft:iron_ingot":14,"minecraft:golden_helmet":3,"minecraft:wheat_seeds":409,"luminousworld:ishstone":2,"minecraft:iron_helmet":1,"minecraft:prismarine_shard":5,"mutantmonsters:mutant_skeleton_boots":1,"minecraft:cobblestone":60,"iceandfire:armor_blue_boots":2,"minecraft:granite":11,"iceandfire:armor_blue_leggings":2,"born_in_chaos_v1:soul_cutlass":1,"minecraft:acacia_log":1,"minecraft:chainmail_helmet":1,"minecraft:coal":1,"mowziesmobs:wrought_axe":3,"minecraft:polished_andesite":1,"minecraft:stick":4,"minecraft:pufferfish":1,"minecraft:golden_carrot":1,"tombstone:magic_scroll":1,"quark:cobblestone_bricks":1,"minecraft:wooden_hoe":1,"minecraft:wooden_axe":1,"minecraft:zombie_head":2,"minecraft:iron_leggings":3,"minecraft:dried_kelp":6,"mowziesmobs:wrought_helmet":1,"minecraft:iron_axe":1,"minecraft:iron_shovel":2,"minecraft:chainmail_leggings":4,"minecraft:string":1,"iceandfire:dragonbone":4,"minecraft:redstone":1,"minecraft:furnace":1,"minecraft:kelp":76,"minecraft:sweet_berries":7,"minecraft:soul_soil":2,"minecraft:nether_wart":4,"minecraft:cobblestone_wall":7,"minecraft:tuff":128,"minecraft:raw_iron":5,"minecraft:chicken":3,"minecraft:iron_boots":3,"earthmobsmod:harder_flesh":2,"minecraft:red_terracotta":14,"minecraft:filled_map":3,"mutantmonsters:mutant_skeleton_chestplate":1,"minecraft:diamond_sword":1,"minecraft:potato":1,"supplementaries:quiver":2,"mutantmonsters:mutant_skeleton_rib_cage":1,"minecraft:sea_pickle":1,"minecraft:bundle":18,"minecraft:spruce_planks":6,"minecraft:diamond_pickaxe":2,"mutantmonsters:mutant_skeleton_limb":4,"minecraft:iron_chestplate":3,"minecraft:andesite":11,"minecraft:mossy_stone_bricks":1,"minecraft:golden_leggings":3,"mutantmonsters:mutant_skeleton_leggings":1,"minecraft:spider_eye":3,"minecraft:spruce_log":64,"sophisticatedbackpacks:copper_backpack":2,"iceandfire:fire_dragon_heart":1,"minecraft:bow":26,"minecraft:stone_pickaxe":2,"minecraft:wooden_pickaxe":1,"minecraft:magma_block":7,"minecraft:vex_armor_trim_smithing_template":1,"mutantmonsters:mutant_skeleton_rib":3,"minecraft:terracotta":1},"minecraft:custom":{"minecraft:interact_with_crafting_table":108,"minecraft:open_barrel":38,"minecraft:bell_ring":4,"minecraft:leave_game":5,"minecraft:time_since_death":64338,"minecraft:damage_resisted":45,"minecraft:sprint_one_cm":893508,"minecraft:damage_blocked_by_shield":315,"minecraft:drop":429,"minecraft:talked_to_villager":9,"minecraft:play_time":592519,"minecraft:deaths":72,"minecraft:jump":7551,"minecraft:walk_on_water_one_cm":164507,"minecraft:enchant_item":6,"minecraft:interact_with_furnace":71,"minecraft:traded_with_villager":16,"minecraft:interact_with_loom":4,"minecraft:sleep_in_bed":4,"minecraft:damage_dealt":89479,"minecraft:player_kills":5,"minecraft:crouch_one_cm":90159,"tombstone:undead_killed":712,"minecraft:interact_with_smoker":38,"minecraft:use_cauldron":1,"minecraft:interact_with_smithing_table":3,"minecraft:interact_with_anvil":9,"minecraft:mob_kills":1056,"minecraft:inspect_hopper":10,"minecraft:damage_dealt_resisted":1582,"minecraft:climb_one_cm":8580,"minecraft:walk_one_cm":1379997,"minecraft:damage_dealt_absorbed":1772,"minecraft:sneak_time":19922,"minecraft:walk_under_water_one_cm":114619,"minecraft:boat_one_cm":429817,"minecraft:interact_with_blast_furnace":57,"minecraft:total_world_time":592519,"tombstone:raider_killed":6,"minecraft:time_since_rest":45698,"minecraft:damage_absorbed":38,"minecraft:damage_taken":38988,"minecraft:trigger_trapped_chest":1,"minecraft:swim_one_cm":203742,"minecraft:fly_one_cm":1229382,"minecraft:open_chest":267,"minecraft:fall_one_cm":204192},"minecraft:killed":{"minecraft:cave_spider":1,"born_in_chaos_v1:mr_pumpkin":2,"born_in_chaos_v1:restless_spirit":7,"minecraft:spider":7,"quark:forgotten":1,"minecraft:skeleton":256,"minecraft:chicken":2,"illagerinvasion:provoker":1,"minecraft:silverfish":1,"enemyexpansion:vampflyer":1,"minecraft:piglin":3,"minecraft:magma_cube":1,"minecraft:pig":4,"born_in_chaos_v1:diamond_termite":3,"mutantmonsters:mutant_skeleton":1,"minecraft:sheep":1,"minecraft:pillager":2,"minecraft:zombie":419,"stalwart_dungeons:incomplete_wither":3,"enemyexpansion:vampire":1,"born_in_chaos_v1:corpse_fly":7,"enemyexpansion:botfly":125,"minecraft:ghast":4,"minecraft:blaze":9,"luminousworld:deer":1,"undead_revamp2:theimmortal":1,"undead_revamp2:thegliter":1,"minecraft:vindicator":3,"enemyexpansion:direwolf":4,"born_in_chaos_v1:maggot":94,"earthmobsmod:wither_skeleton_wolf":1,"mowziesmobs:ferrous_wroughtnaut":1,"iceandfire:siren":3,"undead_revamp2:thebidy":2,"alexsmobs:bison":1,"minecraft:drowned":4,"earthmobsmod:albino_cow":7,"born_in_chaos_v1:barrel_zombie":3,"luminousworld:firefly":1,"earthmobsmod:bouldering_zombie":2,"born_in_chaos_v1:baby_skeleton":5,"stalwart_dungeons:reinforced_blaze":18,"undead_revamp2:the_moonflower":1,"enemyexpansion:sprinter":2,"minecraft:hoglin":1,"born_in_chaos_v1:decrepit_skeleton":1,"born_in_chaos_v1:bloody_gadfly":1,"born_in_chaos_v1:dark_vortex":1,"born_in_chaos_v1:nightmare_stalker":1,"minecraft:wither_skeleton":6,"enemyexpansion:slugger":1}},"DataVersion":3465}